2,Review,Label
3,good and interesting,5
4,"This class is very helpful to me. Currently, I'm still learning this class which makes up a lot of basic music knowledge.",5
5,like!Prof and TAs are helpful and the discussion among students are quite active. Very rewarding learning experience!,5
6,Easy to follow and includes a lot basic and important techniques to use sketchup.,5
7,Really nice teacher!I could got the point eazliy but the v,4
8,"Great course - I recommend it for all, especially IT and Business Managers!",5
9,One of the most useful course on IT Management!,5
10,"I was disappointed because the name is misleading. The course provides a good introduction & overview of the responsibilities of the CTO, but has very little specifically digital content. It deals with two-speed IT in a single short lecture, so of course the treatment is superficial. It is easy to find more in-depth material freely available, on the McKinsey website for example.",3
11,Super content. I'll definitely re-do the course,5
12,One of the excellent courses at Coursera for information technology bosses and managers.,5
13,"Is there any reason why you should not apply the course by BCG?)It's content is pretty unique and includes a high level analysis and a wide range of knowledge needed to cover all detailed aspects.Best regards,Oleg Serov",5
14,Excellent course and teachers. Congratulations!!,5
15,This is a good course for an CIO in a non technical company.,5
16,"Good content, but the course setting does (at least for me) not allow learn the content long term due to missing reading material.",3
17,Very structured approach. Thank you for sharing with me.,5
18,"Program demystifies the evolving world of CIOs in a typical global corporation.Coverage being introductory familiarizes participants nicely through some of the nuances & emerging trends.When I took the course participant numbers was fewer, so feedback was quite delayed. So one should plan to be patient to get their peer reviews.Based on peer reviews i sensed much variations in their expectations.Few sections are in French with Subtitles.Subtitle quality requires audit/review.",4
19,Very relevant and useful course designed for CIOs,5
20,This course does not say anything about digitization which is the core subject of the digital wave.,2
21,Videos that are presented in French could've been translated to English.,4
22,"The course content is quite good, though it could have been deeper in some areas.But its peer review system is not working well, if at all.Regards, An Le.",3
23,"Great piece of work, I especially liked a few 'lifehacks' for the CIO",5
24,"Excellent course, for me it was very rewarding and the terms used and the tools given were excellent, and today and I put in use in my job, Thank you for inculcating knowledge and move on",5
25,"Excellent... It is a representation of our day by day, thanks for sharing your vision, experience and advices...RegardsDaniel Damas",4
26,Very interesting and well-designed MOOC !,5
27,Excellent course! Totally recommended!,5
28,Great course information and content ! Very interesting ! Unfortunately there is a peer graded assignment which 3 classmates must grade. Although two of my classmates gave me all passing grades one classmate gave me all 0's and didn't really justify why; which made me have to re submit my assignment. Thankfully 3 other amazing classmates saw the quality of my work :),4
29,Very interesting course. I learned a lot about the history of Aboriginal education.,5
30,Great content! Learned a lot.,5
31,"This has been an phenomenal course on the education and worldviews of First Nations people. As an educator in a First Nation's community in Ontario's north, the knowledge in the lectures has been phenomenal.",5
32,I found this course was very interesting and a great learning tool and I am glad I would recommend this course to people Ni:Awen,5
33,"Well-presented contents with comprehensive illustrations and easy to follow, cover in proper order every aspect of drawing and AutoCAD. Would appreciate if the English subtitle is available in the whole course, so more students could access to these handy lectures and exercises.",5
34,Very Basic course for learners without Autocad experiences.,5
35,Good quality.,5
36,Thanks.,5
37,Course is comprehensive and detailed. But is a bit fast paced for people new to IT Finance,4
38,A very great course for all IT person,5
39,I think it should be a more engaged course with practical examples,4
40,Excellent overview of the ways in which 3D printing is in use and how it may be used in the future.,5
41,Very well documented course.Assignments are designed such a way that it stimulates you to think out of box.,5
42,Very Good Informative Course.!!,5
43,Excellent course. I completely enjoyed it. Thank you Vishal and team.,5
44,It opened up my understanding of what could be accomplished with 3D printing,5
45,"Important information on copy rights, patents, etc.",4
46,"Progress is in a state of flux, so one must reach out to the best in academia on any particular subject to get a realistic update of technology. This course will help you catch up to design thinking and doing. Get it and do it.",5
47,A really challenging and enriching course about the amazing world of 3D Printing. In this course you will discover the unimaginable amount of applications that 3D Printing offers and will open your mind in ways you didn't think possible!,5
48,"This is a really good survey class in the potential of 3d printing, with examples of how individuals can empower themselves and others without the obstacles of traditional tooling, with a relatively short learning curve and low investment. It also demonstrates the ways in which, now and increasingly in the future, we'll all be capable of designing the solutions to our own problems with increasing agility!The only thing that could make it better would be to have more design challenges!Thanks!",5
49,"Excellent course , enjoyed learning :)",5
50,Great course and very informative.,5
51,I'll start by saying that this course gives a good insight into a wide variety of applications of 3D printing. There are lots of interviews with people who have or are leveraging additive manufacturing in original and effective ways. The last week of the course also introduces an interesting and seemingly effective framework for design thinking.The reason that I've only rated 3 stars however is that the only useful thing you learn in this course is the design thinking framework. I think that it would be better if these videos were scattered throughout the rest of the specialisation. I do see value in including this material in the specialisation but not as an outright course.,3
52,This course doesn't contain any new information. It does not teach you but just excitedly shows commonly known facts.There are better ways to invest your time.,1
53,Great course. I enjoyed learning the material.,4
54,"Excellent course. Good classes, easy to follow, updated content, high quality videos.",5
55,It should be merged with course 1,3
56,Very nutritional course with real world examples that let you understand the potential of 3d printing as an emerging technology.,5
57,very interesting,5
58,"Topics related to the economy or business are not something I am good at or enjoy reading about, this course helped me learn a bunch of useful things I would otherwise not have put effort into studying.",4
59,"I was able to understand materials and devices used in 3d printing, software aspects of 3d printers and get an introductory view of cutting edge applications such as 3d printing in biomedical applications",5
60,"This course is very interesting, enlightening and a wonderful introduction especially for learners with no prior experience with 3D printing.",5
61,Great information and videos. Ready for the next step.Gus,5
62,"If you are interested in having a deeper insight of the 3D printing technology, I recommend this course. There are no prerequisites, all you need is the desire to learn. This course will introduce to to you the different 3D manufacturing methods, and present to you to 3D printing companies that are presently actively. If you want to transitions into the 3D printing field, I believe this course is a good start.",5
63,Full Individuals speaking,3
64,It should be less repetitive and full of useful informations about applications.,3
65,Very good inspirational examples.,5
66,Great course. It provided a great degree of knowledge about applications and the design process.,5
67,it could be easily compressed in a two-weeks course.Sometimes interviews are too long for what they need to explain.,3
68,good introduction into the applications of 3D printing.,3
69,good overview what you can do with this amazing technology.,5
70,This session was too long and a little boring. Could be shorter with the related contents.,3
71,exemplary examples to how 3d Printing can be applied to real world problems.,5
72,"Great content, I still need to go over it to glean the wealth of information that has been put together here.",5
73,"While there is some interesting content, particuarly in the last week on design thinking, some of the course topics don't seem to hold together well, and the videos include a lot of monotonous talking heads. While this conveys the benefit of being able to listen to some of the videos without consistently watching, the interview questions asked of speakers are sometimes printed on the screen and not asked verbally. If you're not watching, you miss the questions. I would like to see this course refocused on design thinking for 3D printing, with other applications interspersed as examples rather than constituting the lion's share of the course. I believe that format would both be more engaging and do a better job of delivering skills with more opportunity for practice.",2
74,"I do not find very interesting this course. too many interviews. It could works for the first course, but not for the second. I was expecting to have more technical material and lessons.",1
75,"Very good in-depth look at the potential applications for 3D printing. I especially liked the sections on development and education. This class gets you thinking about the potential ramifications of 3D printing and how it can change the economy, both locally and globally.",4
76,"A good course to see the various market and non-profit aspects of 3D printing. Lot of examples and initiatives, a",5
77,"Excellent course, could do with a little more visual references. Some of the talks are a bit tough to get through since you are watching 2 people. Content still very valuable.",4
78,"A very complete course, very interesting!",5
79,Great review of what can be accomplished through 3D printing.,5
80,Great class!,5
81,"Super! I did not expect the level of engagement needed to complete the course and it was a very pleasant surprise!Being a layman in the 3D printing revolution, this course really expanded my views on 3D printing.",5
82,A lot of speaking without any sense. Skip it at all cost,1
83,"This is a very basic course on 3D Printing Technology but every aspect of the technology is artistically explained. All the various points of view are considered and a 360 degree idea is passed on to the students.By taking this course, students who are contemplating about their involvement in this revolutionary technology will be able to finally decide their future course of action, which I believe will be positive.In short, this course will provide you a base whereas the further courses, I think (as I haven't taken up the rest of the courses till now but I intend to) will add sufficient value to your knowledge.Regards.",5
84,Great course! Thank you!,5
85,"Very helpful videos that really takes you into the real world of 3D printing. The interviews with the representatives from various industries in this course helped me understand the importance of 3D printing / additive manufacturing as a convenient tool, and also where to look for related resources.",5
86,Great intro! The videos were fantastic and instructors very engaging.,5
87,Excellently framed course,5
88,"I like the fact that so many leaders of 3D printing came from diverse backgrounds. And they share an infectious spirit of learning and pushing the boundaries of software, hardware and materials science.",5
89,Great overview and introduction to 3D printing,5
90,"So great! If you want to overview the current situation of 3D printing technology and develop so business on 3D printing, you have to watch this",5
91,I thought this was a great high-level intro to the world of 3D printing.,5
92,Got new prospects and vision of 3D printing tech,5
93,"This was a great course, great implementation and motivation was provided which has definitely increased my enthusiasm and i am really looking forward to other courses to increase my skills.",5
94,Excellent course. Very well presented. I enjoyed not only the instruction sessions but also the interviews with other specialists in this fascinating field. A great course to inspire one to continue pursuing this as a career.,5
95,Very informative an approachable course. I really like the way Aric presents the information. I am excited to complete the rest of the Specialization.,5
96,good introduction!!!,4
97,The best course for beginners.,5
98,Thanks for the course! It has opened me to the world of 3D printing - on when did it start and where it is now. :),4
99,This was a great course! Aric Rindfleisch encourages enthusiasm on this new techology revolution. It gave me the fundamental basics on the matter. Furthermore now I am more interested on 3D printing than I was before starting the course. I surely follow the following Illinois University courses on 3D Printing!,5
100,"Great intro to 3D printing and the many, many ways it can be used.",5
101,Good experience to start with,4
102,Gives a nice over view about what is 3d printing.,5
103,This course change me the views on 3D printing and their revolution.,5
104,Have got a great insight towards 3D Printing.,5
105,Excelent! Lots of information and really interesting interviews. Plus Aric Rindfleisch is extremely clear in the lectures. Congratulations.,5
106,"Wow ! Learning is so easy here, bring your innovation to reality , please join this course , Highly recommended !!!!",5
107,"This is a great introduction to 3D printing. It covers the basics of different 3D printing technologies, from desktop to industrial hardware. It shows the resources and services available to utilise 3D printing effectively. It provides interviews with entrepreneurs and others in industry which are using this technology.",5
108,This course doesn't contain any new information. It does not teach you but just excitedly shows commonly known facts.There are better ways to invest your time.,1
109,"Fred J FeilerNov 20, 05:49 PSTChat started: 2016-11-20 01:37 PM UTC(01:37:50 PM) Fred J Feiler: We need a start date for 3D Printing Software course. The learners are concerned that this course will never happen even for those who have been enrolled since June 2016.(01:38:52 PM) Coursera Support: Thanks for reaching out to us! Someone will be right with you.(01:39:38 PM) *** Jessy joined the chat ***(01:39:54 PM) Jessy: Thanks for reaching out to us. I’d be more than happy to help you today.(01:40:29 PM) Jessy: I am very sorry for the inconveniences.(01:40:40 PM) Jessy: Please allow me a moment while I take a look into this for you Fred.(01:40:59 PM) Fred J Feiler: Thanks(01:44:54 PM) Fred J Feiler: I enrolled in the five course specialization. My momentum is at a standstill so if this course is delayed I’ll look for something better.(01:46:05 PM) Jessy: I am very sorry for the inconveniences Fred, I checked and that course does not have sessions available yet.(01:46:16 PM) Jessy: It looks like we will need some time to look into this issue further. I am going to escalate this to our support specialists so they can further investigate. This means that I will be ending this chat and it will become a support ticket email. You will receive an email transcript of our chat for your records, and someone from our support team will review our chat and email you with updates as soon as possible.(01:47:18 PM) Fred J Feiler: OK, thank you!",4
110,Excellent introduction of 3D printing. The course is well designed and engaging. Looking forward to the other courses in the series.,5
111,"This course was fantastic, I learned so much from it, and I am so excited to continue this track!",5
112,Great course. Can't wait for the next one to start,5
113,Not according what I expected,3
114,2 thumbs up learned something that I have never learnt before.,5
115,Great course to start with 3D printing technology.,5
116,Great Introduction to the 3d printing world,5
117,a very good introductory course. as a novice in 3d printing it helped me a lot understanding the basics of 3d printing.,5
118,Good place to start if you don't know anything about 3D printing.,5
119,Very complete and extensive.The weeks actually take weeks to complete!,5
120,Thank you so much!,5
121,"Excellent information covered, very understandable with practical examples and great professors.",5
122,Very interesting course!,5
123,A very comprehensive and total introduction to basic concepts of 3d printing,5
124,"Excellent course, really lloking forward for the rest of the specialization!",5
125,Suberb introducition into 3d printing idea and usage,5
126,"I really liked The 3D Printing Revolution course. It's easy to understand, you don't need any background knowledge, but you will find out so much about this topic - including materials that are used, technologies, 3D printing companies... Also, the materials cover history and the future of 3D printing. It's a great introductory course and the instructor (and the guests) are amazing. I recommend it!",5
127,Nice introduction to 3D for absolute beginners. Very interesting interviews entrepreneurs.,4
128,Great course! The fundamentals were covered and I am excited to take the next course.,5
129,"It's mostly very basic stuff, but even then it introduced me to concepts I wasn't aware of.",4
130,"Great thanks for Dr.aric ,who has a smiley face ,If any one enrolled this course ,he would get a great knowledge and usefull information about 3d printing or addtive manufacturing ,throw a simple & exciting videos ,not only that ,you would get another benefits not only information about 3d priting ,like ,getting knowledge of many companies from the inside ,see stories of successfull people which achieves you to keep up with your work ,meet with your colleagues and make new friends ,and finally grow up your english skills ,like listening and grow up your vocabulary .....Great thaks for coursera team ,it's our pleasure to learn with you ........",5
131,Very nice introduction about 3D printing! I love it!,5
132,"Good introductory course, just a little bit to short for my like.Gus",4
133,I can't just not to rate this as I really enjoyed it to the max,5
134,"Great course. A must for every individual who has some idea about it and even if you don't, Aric and his team will guide you throughout this wonderful technique.",5
135,great course for learning about 3d printing and seeing where the technology has gottten to. I will be pursueing the rest of this capstone.,5
136,"Do not hesitate to enroll, it's a brain storming course & I like the way of the teaching here!",5
137,Great course delivery by the instructor! Great opportunity to meet great people! To me it was like a real journey! The course gave me a clear understanding of 3D printing in high level. Looking forward to get in -depth knowledge from further courses! I would highly recommend this course to those who wish to know about 3D printing!,5
138,It provides not only a good overview about 3D Printing but stimulates people who attend it to look for more. Great course to start the journe,4
139,"Geeat it give the confidence to unleash my creativity. And now I see the world with different eyes, with great opportunities to create or customize objects in 3D.",5
140,A very good introductory course in 3D Printing for everybody at every level.,5
141,Mind-blowing course!,5
142,Great introduction,5
143,I like the course. Pretty concise and straight forward. Highly recommended.,4
144,Eye and mind opening course.,5
145,good introduction to 3D printing,3
146,"Very good introduction to the subject, instructor never looses the attention with new topics and examples.",5
147,"Great introduction, even for people who will not pursue completion of the full specialisation.",5
148,perfect introduction to the 3D printing world!,5
149,"Amazing! Very interactive, engaging and comprehensive.",5
150,Excellent introduction to 3D printing.,5
151,"Great content, the videos and talks are very motivating and they give an exciting overview of the subject. Thanks for the great work.",5
152,Great class!,5
153,very interactive and reflective course highly recommended.,5
154,a very good overview that makes you long for,5
155,"If you know little or nothing about additive, and it sounds interesting, this is a good place to start!",4
156,"An excellent course to start with, if you are completely new to 3D printing. Easy-to-understand language, very little special tech-talk, so the course is suitable for virtually anybody. t is true that you do not need to be a tech genius to get acquanted with the world of 3D printing!",5
157,"A good course, please provide more practice quiz in depth.",4
158,Simply very interesting.,5
159,Its a nice brief introduction about 3-D Printing technology.,5
160,Very good and helpful introduction to 3D Printing,5
161,Great Class!,5
162,it's a very good an easy to understand first inmersion in the world of 3d printing,5
163,"It was exactly like the lecturer said it would be like.The only hard part is the last part, where we had to actually remix an existing 3D model .I think this part of the lecturer video should have had an in depth look at how to use the 3D app.Nevertheless the course was good I learnt a lot of new stuff and not to give out any spoilers.....Its worth it.",5
164,A good Introduction to 3D printing.,4
165,Great information about 3d printing. It helps you to understand what is the current scope of this technology and how you can start.,5
166,"I didn't really care about the stories from the students or seeing the space for one whole lecture video. It's clear that Ultimaker is the sponsor, but it felt like a commercial. I want to learn more.",2
167,It's fantastic,5
168,Great class,5
169,"This first course has been an excellent overview of the field. Easy to follow and brought everything into ""perspective"" . Eagerly looking forward to the next course.",5
170,Excellent course! Very thorough introduction and has only peaked my curiosity to go further in understanding this powerful technology!,5
171,"The course was great! I think its a great point to start in 3d printing, it has lot of information, links, interviews and it easy to understand. Keep up the good work!!!",5
172,Very useful for understanding the basics of 3D printing technology.,5
173,"This is a fantastic course, even if you've never before heard of 3D printing or you've been using a 3D printer for a while, and I'd highly recommend it to anyone interested in technology or futuristic concepts.The videos in this course are very engaging. There are a plethora of interviews with people who are involved with the 3D printing industry, who discuss specific topics in 3D printing, and each offer their views on the future of 3D printing. All the different opinions and perspectives really helped me understand the importance of 3D printing at both an industry and consumer level. Considering this is an introductory course, it's very thorough, and it consolidates and summarizes information that might take you ages to glean off the internet. Even though I had a 3D printer before I took this course, I learned a lot!",5
174,Very good intro to 3d printed.,5
175,"I enjoyed this class very much. All the content was very easy to understand and follow. I love the fact that I can pick up the materials on my phone or table through the app! Is very convenient. Before this class I had no idea 3D printing had been around for so long, I thought it was someone newer, it's amazing to see all the different applications it can be use for.",5
176,It's not a course... this is a very short general introduction to 3D Printing,1
177,"Hello!My name is Ahmed from Egypt, I am 3D Hubs Mayor. I think it's The first course in the internet which will give you the opportunity to know a lot of things about 3D Printing so stay tuned and register now if you interested in 3D printing.Cheers,",5
178,This is a great introduction to 3d printing and the maker movement. Things I thought I knew were corrected and resources I never knew about were introduced. Very worthwhile,5
179,Good information but way too short for what Coursera charges.,3
180,Practically oriented and brilliantly organized!,5
181,It was a perfect introductory course for those who really want to learn something about 3D-Printing. I loved it..,5
182,"Best place to get yourself up-to-date with the ""state-of-the-art"" in 3D printing. I really liked 'The Revolutionaries' section where you get exposure to all the inter-disciplinary ideas floating around in the 3D Printing landscape.",5
183,"Thank you for this course, very good course.",5
184,"I am very glad to see courses like this one on Coursera. The course itself is well structured and contains a lot of useful information and that is exactly what I needed in one place.My only complaint is the price of the course - I think it is a bit expensive especially for this first part of the specialisation - it is an introductory two week course with a lot of advertising...£40..common..are you serious?? A lot of people will buy personal 3D printers or kits after the course, some of them will make a decision to buy a 3D printer for a company they work for (as myself), Fusion 360 subscriptions etc. These companies should sponsor such courses to make them more affordable - it is their interest.I made several courses on Coursera already (Mechanical and Electrical Engineering), they were 5 to 8 weeks and comprised a lot of quite hard work from mentors and students and were only £32 for certificate.I like the idea of this specialisation but I decided not to pay for the certificate because of its price. Although I am very happy to have access to the courses and I thank you for you effort!",4
185,This is a really great introductory course on 3D printing. I was completely new to the subject and in just two short modules both the basic techniques and some modern day applications were explained in a really clear and engaging manner.I was also really interested to learn about the business examples that made use of these new technologies.Recommended for anyone who is interested in new and exciting techniques!,5
186,Great endeavor! You can now learn about the 3D printing technology at your own place.,5
187,An excellent course. I only wish the portion on non-financial metrics included some examples or insight in how best to quantify non-financial metrics in do,5
188,"week 1 and 2 were kind of boring, but maybe necessary; weeks 3 and 4 were more interesting from a business point of view (i'm not so much interested in accounting as in business decisions).the virtual class of professor Bushee was quite funny :)",4
189,"Excellent course, first 3 weeks were very technical but highly informative. Quite a bit of accounting knowledge is required to understand the work. Last week of lessons were more simple and intuitive to understand, but overall, a very insightful module",5
190,"First of all, I really enjoyed Professor Ittner's presentations. Sadly, his presentation was only 25% of the course. Professor Ittner was very direct but also was very engaging in how he delivered his content. I had a good feeling that I could really understand the material he was teaching. If I could give a rating for just Professor Ittner, I would give a 5 star rating. Now, this is why I am giving this course a 1 star rating. But I do have to say, going into the depths of Accounting Analytics is not easy. You really need to have a good grasp of Accounting otherwise you will get lost. Professor Bushee did not make the first 3 weeks really easy to get through. While I enjoyed his examples & case studies, he simply did not do a great job of really explaining and illustrating the concepts he was teaching. And worst of all, he setup a digitally generated classroom where he had his computer generated students ask pointless questions, make pointless statements, or answer with pointless statements/answers. I really wish I had the time to analyze how much of the course time he spent doing this, I would estimate that it's around 10% but it could very well be higher. There are so many different examples to pick form, but I'll just pick a few here. ""I didn't read the Iliad or Odyssey some I'm not going to ask you to"" in reference why in regression there are Greek letter used for coefficients (it's a fair assumption that someone taking this class understands coefficients), a 30 second exchange where a PC generate student says that they're ""stocked"" to run some regression followed by Proffessor Bushee informing us that ""we're going to run some narly regressions"", Professor Bushee saying he doesn't know how to perform Earning Management Analysis on Mars but he certainly knows how to do it on Earth, and a joke why people don't like accountants. These segments add absolutely zero value. They lengthen the time of the course. To make maters worse, I'm sure Proffessor Bushee had to spend even more time creating this additional interaction together.",1
191,This is the first English course I have taken.Though at first it was kind of difficulty because of language(especially the terms) and profession knowledge(it is a comprehensive course and I am still learning courses concerned at school)the course is really worth taking. I have learned a lot .and it stimulates my interest in accounting.,5
192,Thanks for your help.,5
193,"It was fast, but provided a good overview. I would like some cases to work and to apply the methods to.",5
194,Providing what are the insight we need to look before investing in a company and how interpret the balance sheet and found the,4
195,No practical knowledge learnd and no clear examples of the topics. Too complex all the course,1
196,"The course itself is good. Nevertheless, it says that it doesn't require any previous experience... But there is actually experience required on financial statements and concepts.",3
197,Very good course but videos sometimes too long,4
198,A fantastic course,5
199,Really fantastic and interesting intermediate accounting course,5
200,"weeks 1,2 and 3 were not satisfactory according to me. the video lectures were difficult to comprehend. week 4 was very good.",2
201,this is the best course that i ever studied it,5
202,"I love the professors, but unfortunately, I do not feel much connection to me (not really seeing so much importance for me to identifying if a company is making fake financial statements; I am not an investor, and my everyday work does not really have so much to do with financial statements).The Managerial Accounting (week 4) transforms my mindset!! I really appreciate that. That one single week of course can literally help so many companies/NGOs. That week 4 should be promoted more!!",3
203,"This is fantastic course. The only catch is that it doesn't have Chinese translation, which makes it a little bit more difficult for non-natives to learn. The quality is great.",5
204,"I have only taken one year of accounting in high school before, but the course was really easy to comprehend and engaging!",4
205,It's a very good course.,4
206,The three first weeks were almost completely dedicated to traditional finance accounting ratio analysis.,2
207,"Course was not easy to grasp, lost interest after the first week and I barely got through the quiz at the end.",2
208,"This course is difficult for me since it requires extensive background of accounting studies while my background is in HR and Strategy. However, I grasped the opportunity to make up my finance and accounting related knowledge, and passed the course finally after several times of trial and error. The professors taught the course in a very interesting and fun way, which could have been a boring class with lots of difficult and hard numbers but turns out to be a class full of fun and laughters. I like the way the two professors are presenting the knowledge, as well as doing the analysis. Thanks for providing such a course! More courses like this should be organized to benefit more professionals or students in need!",5
209,Very useful material to financial review of cash flow statements.,4
210,"Very informative course. Prof. Bushee is hilarious,, really like his teaching technique",5
211,"not a big fan of accounting honestly, but i quite enjoy the course. doesn't involve a lot of in-depth math, and its easy to follow.",5
212,"The first three weeks focussed heavily on ratios and detecting fraud and earnings management in an organization, the fourth week seemed to actually relate to data analytics and how non-financial aspects of a company play a role in the financial outcomes. I really do not see where a data analyst who is not in accounting field would be using the fraud detection scenarios in real life. A data analyst would be focused on improving the business and doing the analyses that pertain to improving certain aspects of a business, not finding his manager's earnings management using an M-score etc.",3
213,It was very well done and very informational. Thanks again professors for your dedication and time to educate society!,4
214,My major is accounting but I still felt that it was so difficult. But I learned some knowlege which our teachers didn't tell me. Thanks!,5
215,Departments rigidity to information sharing as an ailment at middle and lower organizational levels was a notable issue,5
216,"This course made me look at Accounting in a very different way; instead of common business schedules, it actually became exciting to read and find out what was really going on!",5
217,Most fruitful course for the most updated Accounting Analytics,5
218,Very informative and interactive. I like the style of Professor Bushee's classroom teaching,4
219,"I believe that it is a fantastic course for those have some basic accounting knowledge and the willingness to enter compliance area. More importantly, the concept linking financial and non-financial decisions are also fantastic to bring accounting to life! I do love both professors in the module!",5
220,great accounting ratio analysis,5
221,Good overview on Financial Analytics!,4
222,"This was very challenging course for me... I felt you needed a strong knowledge base of financial statements to really understand what triggers potential fraud, deception. I think I will need to re-review the course material to reinforce the concepts. Thanks!",5
223,Focus of first 3 week is more of an audit analytics material. Quiz material could have been more interactive. Overall OK course.,4
224,"An excellent course with Professor Bushee, as always (I completed a previous ten weeks course with him, also a superb quality programme of study), very practical, focused and complete, and absolutely enjoyable.",5
225,"Interesting course. Motivating instructors. Tests were sometimes a bit too much about semantics and too little about applying knowledge in a practical way (which the course intro hinted on). But it was good value, manageable next to job and private life and fun to do. You won't regret it.",4
226,This has been a challenging course for a person that doesn't have any accounting experience,4
227,"Professors need to undergo a presentation and Instruction Design skills. They were talking a lot and everything was going over my head, the reason was there were not visual prompt for the examples, specifically in the last week.",1
228,Excellent overview of identification of problems in financial statements,5
229,"This is an excellent course, especially for someone with near zero knowledge of financial statements and their analysis. The concepts are clearly presented, with interesting details and supporting examples of their use. The inane comments by cartoon characters using poorly simulated accents is only mildly irritating.",4
230,Interesting course with good and clear explanation. Easy to understand and with fun!Thank you!,5
231,Very clear. Excellent instructor and it's free if you don't pay for the cert! Can you have a better class experience? Thank you Prof. Bushee!,5
232,Wonderful! Very convenient discourse and utterly concise.,5
233,A very interesting course. Strengthening the advanced accounting concepts.,5
234,It was very breathtakingly and I think that it is the best course within the Business Analytics specialization.,5
235,difficult for people without accounting background to take.,3
236,Good structure... funny prof! ... alot to digest but worth it.,5
237,"The contrast of provided material is quite huge. In first for weeks all the analytics are explained and decisions are shown, in the last week only principles and overall concepts are introduced.",4
238,"I have many hours of undergraduate accounting and finance course work under my belt and this class gives you a tremendous overview of financial statement analysis. The only disadvantage is that the professor creates the workbooks for you and you only have to answer conceptual questions. While this would be great for some, I was hoping for some more hands on work to practice.",4
239,"Excellent Material and instructions. Hard, but valuable",5
240,"Although I am not a native speaker,but I try me best to understand it!Good teacher!Good Coursera!",5
241,Very insightful topic! A good overview of the use of analytics in accounting!,4
242,"was worth the time, thanks professor",5
243,I have thoroughly enjoyed this course. The whole idea of earning management was cool. I will highly recommend this course to all.,5
244,"Awesome Course! Very funny and really sophisticated! The last part is eye opening. Best course in this specialisation!It is not for beginners though, you should have a solid understanding of accounting for the first 3 lectures.",5
245,"Besides serving as a refresher of a few accounting topics, this course really delivers on the topics of analyzing financial statements for possible fraud and linking non-financial metrics to financial performance.",5
246,I really appreicated the tools and techniques presented in the course. Very very valuable for Merger and Acqusition projects that I will be involved in (if ever),5
247,Excellent thoughts and concepts presented.,4
248,i love professor Brian J Bushee!!,5
249,Great concise lectures and examples. Useful supplemental files. Entertaining Q&A in Brian's sessions.,5
250,"Rather robust material with strong focus on ""deceptive"" practice detection. A lot of ratio analyses, each with its own moniker which I found tedious. Informative and confirmed that I don't have the ""accountant gene"".",4
251,"Sorry to say but among the four courses of this specialization, this one really disappointed me. Not the fault of teachers or institute, i think the only mistake they made is try to fit too many topics in one course. Anyway this is only my opinion!",3
252,Amazing Course!,5
253,Very practical and complementary for other accounting courses.,5
254,The best auditing course out there!,5
255,"The first 3 weeks demonstrate how to analyze financial performance based on accounting data taken from a company's reported income and investment decisions (10-K for example). The material is presented in an interesting manner with extensive use of Excel spreadsheets to demonstrate the calculation and application of common performance metrics and ratios. The test are challenging and interesting. I retook test I had passed because the information cover was interesting and the test provided an excellent learning opportunity. The fourth week deals with liking non-financial measures to financial performance. Within a typical organization, these parameters are often the ones employees most affect and are often measured against. The concepts and methods of evaluating presented with examples to demonstrate some of the problems with linking non-financial measures to financial performance.I will be able to use what I have learned from both of these classes in my current job. I evaluate current business strategies of my company against competitive business strategies. Since the competitive business strategies must be deduced from a combination of published information and reported financial performance, the first three weeks will be of greatest benefit in this aspect of my job. The last week will be of more benefit as I help business organization within my company develop their business strategies.",5
256,Great content but animations are annoying!,3
257,"With my Accounts/Business/Finance/Statistics Graduation/Post Graduation Education and Teaching & Work Experience, I believe the Professor/Educator who Designed and Presented this Course requires atleast a Basic Training before putting together an important Course like Accounting Analytics.",3
258,Too far from subject,2
259,"The course and the instructor are great, but a missed some referenced material.",4
260,Thanks to the Professor Brian Bushee for the good explanations. I learned a lot. I find the module 4 so difficult for me. The Prof Christopher Ittner is speaking like CNN journalist and not easy for a non native US or English speaker like me to follow.,4
261,I love to be taught accounting by Sir Brian. A very marvellous course.,5
262,Great Course,5
263,"Really good teachers that made a ""boring"" theme (that I had in college) very interesting to watch and study.",5
264,Very good course well presented especially as the topic can be fairly complex.,4
265,Week 4 was the best and the more appropiate for the specialization.,4
266,"Thank you for offering this course. It has taught me a lot of things that I hadn't known. I'm interested in Accounting and there were some times I didn't know where I could gain the materials for study. Now thanks to your courses, I don't need to worry so much. Hope you will continue to produce more",5
267,The Capstone project has been getting delayed since JanDont expect yourself to complete the specialization,1
268,"There was a gap between the prerequisites mentioned on the course details and those stated by Prof. Bushee during the lectures. As such, I found this course a bit harder due to tons of new terminologies in accounting.",4
269,Best course of the specialisation so far.,5
270,Prof Brian Bushee is really excellent but I felt that Prof Chris Ittner's lecture was quite fluffy for an analytics course. Would have appreciated practice problems and case study practices like the operation analytics class,3
271,This course was very informative and can easily be used in any business setting. I can go an apply the methods learned in this course to any organization's financial statement to get a better idea of their financial performance. I really enjoyed in week 4 how the information learned in prior weeks can be tied to nonfinancial measures in developing a causal model to improve the performance of a company.,5
272,Thank you so much for this good-quality course! I benefit a lot. Many thanks to dear professors!,5
273,"Really useful course, concise and resourceful",4
274,"Very interesting course, well designed, using animated fun-makers to shoot out questions that you will probably do it yourself.Course content easy to understand. Very suited for non-accounting major analyst who wants to get some background in accounting analysis..",5
275,Very boring,1
276,"Easiest accounting common sense. If you ever took acct , this will be a wasting of time.",1
277,"While each of the Business Analytics courses have been terrific in their own way, Accounting Analytics was the most challenging and most enjoyable. Accounting + clear information + dogs + sense of fun = a great course. Thank you!",5
278,Extremely useful! I recommend it :),5
279,Very interesting course!,5
280,Content very clear and explained by the professors.,4
281,Brain Bushee's videos are really impressive. Some areas are too technical for a beginner to understand. The rest of the material provide good understanding...,4
282,"Excellent course, professor Bushee always delivers such great explanations.",5
283,I really appreciate this instructor!! He is so considerate!,5
284,Great course!,5
285,Very interesting and provocative course. It will help you to receive additional knowledge which is very valuable.,5
286,"Bushee was fantastic! Ittner was fine, but not as entertaining as Bushee.",4
287,"Extremely useful, powerful and course",5
288,"I loved the Accounting part of the course. It was quite hard for me (non-accounting person), however I really enjoyed the form of the lectures and the content itself (the earnings management + its revealing). Great materials Professor Bushee!",4
289,the Best cour and the Best sitetanks,4
290,"I bit too complicated, as a lot of material placed within 4 weeks of ~15min videos.",4
291,"I recommend this course to all my colleagues. Its enriched content certainly helped me to understand things in better way and provided content in structured way, which is I liked most.",5
292,"While I enjoyed this course and the topics covered, I don't feel like the course content matched what the course description stated it was supposed to. I enrolled in the Business Analytics Specialization course with a focus on analyzing a business from the inside, not outside. Of the 4 weeks of the course, I'd say that only week 4 was valid from an internal perspective but it was kept very high level. I'd say this course could be good for a specialization in business market analysis, but not as advertised.I also found the cartoon classroom questions to be very annoying, almost as bad as fingernails on a blackboard.",2
293,Great course. Fantastic ideas around modelling equity returns based business and operational performance,5
294,good overview of analytics options within accounting.,5
295,Great course and great insights!,5
296,"Great working examples to learn Analytics in Financial Statement Analysis. Pace of videos was great. Working excel worksheet gives perfect hands on experience to vary and run the scenarios. Having done ""Introduction to Financial Accounting"" by same professor gave little bit more visibility into reading statements and understanding ratio analysis.Virtual Classroom is getting more new students in each course. I am looking forward to Advance Financial Accounting course.",5
297,Great! As always great lectures by professor Bushee!,5
298,"Very well done! Contents, delivery, clarity, everything was top notch. Thank you!",5
299,This course was one of the toughest courses i pursued so far... I was expecting a lot from this course. from basic to advanced and more of fundamentals. this course should be floated as full specialization rather than as a part of other specialization.,5
300,"This was a good course, no doubt about it. But i felt, that the subject needed more depth that the course framework allowed. I would have liked if it had a part 2 for this course for people who wanted to go little more hands-on in this subject.",4
301,Finally i am able to complete this course. This course was little tougher than the other 3 courses due to some complicated accounting spreadsheet calculations. But i finally i am able to make it. Good Luck to rest of the folks.,5
302,The Best Course in Accounting Analytics.,5
303,Very well thought out. Many useful and applicable techniques provided that can be put to work immediately.,4
304,The course was very helpful. Thanks a lot to everyone who have made this happen!,5
305,"I would add more examples on how to populate the data, even spend time on optional videos where the professor or his assistant goes through testing ratios (something similar to Operations Analytics). I feel like the professor was rushing through his explanations and the models. Maybe people found the course very useful however I felt like there was too much text and immediate switch to Excel file that was elaborated shortly. Overall, I am not sure how to apply these ratios in my final project...",3
306,"First of all, I would like to express my gratefulness to Coursera who presenting this excellent platform for those who is interested in ongoing lifetime education and hardworking and contributions to bring all the greatest courses from top universities around the world.Second, I thank you Prof Brian and Christopher for all your time, work especially your knowledge that you brought and shared within these videos. I truly appreciate and like the way you teaching and delivering the professional knowledge.To me, as a student who's just started stepping in accounting field, I found that accounting classes is so much interesting done by you, and it is a pure enjoyment as I learnt all the key knowledge. On there other hand, the courses gave me a general clear picture of how important and critical the accounting is in daily business management.I will continue study accounting as I pursue my professional goals and career path.",5
307,Lot of considerably complex and dry (accounting and statistics!) subject matter covered at a high level without much discussion! Quiz questions are unnecessarily complex - which (IMHO) will discourage / turn off those who are new to this subject matter in completing this course. The last week is pretty interesting though!I am taking the full business analytic course - and find that the quality and complexity of content is all over the place!! Some are way too simple and some are highly complex.,2
308,"really informative, original and useful!",4
309,This course provides a deeper insight into financial and nonfinancial performance on a pragmatic basis. However the course itself is really brief and the exercises cannot thoroughly provide reliable measure of the understanding of the lectures.,4
310,The course makes accounting interesting and especially the examples are very illustrative. Virtual students bring some fun. The 4th week is however really integrated in the course structure.,5
311,Definitely good course for those working in either accounting or analytics. It gave me new ideas on how to apply analytical methods. Interesting examples on how to identify number management and how analytics can help to set up non-financial metrics that drive financial outcomes.,4
312,Insightful,4
313,Incredibile package.,5
314,"I liked it, although I felt like they were 2 courses: One for the first three weeks, another one during the last week.The ""First Course"" was OK, but it was regular accounting stuff. I was rusty on that so I enjoyed it.The ""Second Course"" was the one related with Analytics.I give it 3 Stars because you can see some lack of preparation in the team. And because didn't made a proper link between Accounting and Analytics.",3
315,Thanks a lot for putting up such an amazing course,5
316,"Challenging course, a mixture of forensic and investigation method in accounting",5
317,A technical but fun exploration of accounting analytics which completed the full gamut of analytics in a business context covered in the specialization.,5
318,Prof Brain is just superb. His hold and teaching ability of complicated subject of accounting is unmatched.,5
319,Thank you!,5
320,Vote for Pro. Bushee!,5
321,Good course if you are a beginner. Analytics is only 1 module (#3) and it is a good one.,4
322,Excellent course for aspiring financial analysts,5
323,i love this course very much!very practical and systematical content.and very useful for accounting professionbut its a little bit challenging to follow. I have watched whole the videos for more than 2 times in order to pass the assignment.,5
324,"It's ok. Bushee is very knowledgeable and a very enthusiastic teacher, but his lessons are too dense compared to the content in the rest of the Wharton BA programs. I actually like all the detail, but I think it's covered too quickly and the course should probably be made longer to deal with it all. There are ratios and balance sheet jargon just flying at you at a breathless pace. It would be better to focus on a few key ones and then walk through the examples a little more slowly. The quizzes were extremely tricky with too many choose more than one answers. It was difficult to find the parts of the video to review missed questions because 1) the transcripts are machine generated and make it difficult to search specific words and 2) it's difficult to remember where the concept was covered because there was so much in each video.The last week felt very disconnected from the first week and like it belonged in a different course almost. It was pretty good, though. I liked how it contained specific examples and charts.",3
325,Great introduction to Accounting Analytics. Unexpected lecturing dialogues. Could have more analytics or additional or optional problem sets to explore more deeply.,3
326,"I believe this is a very good course. Even I'm am a software engineer, I can understand how to manipulating the finacial report and how to detect them.",5
327,The Professor is really amazing. He makes every lecuture interesting and easy to understand.,5
328,Outstanding teacher and metodology. Best course of this kind i've come accross out of Business Schools and MBAs.,5
329,Excellent Designed course. Thanks,5
330,Excellent online course that caters to a wide spectrum of audiences with different learning backgrounds.Also love the cut scenes to the classroom where students make funny comments or ask questions haha,5
331,"Five stars is not enough to express my satisfaction and love to this course.The instructor is very proactive in community. Every questions I posted got direcly feedback from Teaching staff (and most of them are from Prof Bushee!!!)This is the besttttt course among all Wharton analytics sessions! Honestly, you have to try!!",5
332,"A little tough sometimes, but very instructive",4
333,"This is my feedback as a Beta-Tester for the course:Week 1I thought that the videos were clear, well organized and flowed well from topic to topic. There was a clear logic as the professor developed the various ratios.What was missing for me was some in-line quizzes. Not the “tell me what I just told you type” but rather ones that make you think. So, for example, in the final video for Week 1, the optional video, instead of just suggesting that the students “play” with the spreadsheet, I think it would be better to give them an actual task or two… “change the assumption about X to <this value>. What is the impact on the Y ratio? Why?” I liked that he showed what numbers needed to be changed to make the share valuation closer to $55. But rather than just telling us the answer, this would be another opportunity to have the students stop the video and go try it themselves. With a specific task, it is likely that more students will go and work with the spreadsheet. This is where the real learning takes place.One of the things that I really liked about the design of prior courses by Professor Bushee was the fact that he had examples throughout the videos that had you apply the information right away. But, perhaps this is just me. I know that I learn a lot better by doing rather than just watching the videos and going “yeah… that makes sense. I understand…” I also recognize that some students, in past courses, have probably said they don’t find the in-line quizzes valuable. But, is that a reflection of the value of in-line quizzes as a whole or just in-line quizzes that simply require “parroting” something said in the video.I’m sure that the professor can come up with lots of examples. In Week 1 Video 1 the in-line quiz might provide some numbers for De-levered Net Income, Sales, Average Total Assets and Average Shareholder’s Equity and asking for the results of each of the ratios in the Dupont Analysis. And maybe a “think about what this means” type question that is not necessarily “marked” but for which an answer is provided in the video. Alternatively, he could have the students change some specific things in the Woof Junction spreadsheet and indicate what impact that has on the ratios and why.Week 1 Video 2 offers lots of similar opportunities with the Profitability and Turnover Ratios. Perhaps requiring the students to work backwards from a specific ratio to determine gross profit would be effective. Or, perhaps a question that relates strategy specifically to the ratios. For example, what would happen to the Gross Margin if Woof introduced a credit card and days receivable increased to 31.6 in 2015? Just something to engage people with the materials.All of the videos offer similar opportunities and I think having specific problems or questions will enhance the learning experience rather than just suggesting that they “go look at the spreadsheet”. The audience for these courses tends to be quite a bit different from your average upper tier university student and probably needs a bit more “hand holding” and “direction” in order to be successful.Also, if Professor Bushee expects students will watch the optional videos anyway, why make them optional? In the case of the Valuation Video, despite some of the mathematics being a little “scary” for some students, I think that the information there is really useful and helps to solidify an understanding of the spreadsheet.I’m wondering if an in-quiz question would be helpful. Perhaps it might provide a new set of financials for Woof Junction and ask for ratio calculation and what that means in terms of their position in the marketplace or something similar. Just some practice questions to get people working with the information.Same comments basically apply for the remainder of the weeks. I think that it would help the students to have some in-line quizzes – this not only breaks up the longer videos and helps to keep students focused but also provides a reinforcement of key concepts.I really liked the quiz for Week 1 even though I struggled with the questions where there are multiple correct responses. The quiz effectively reinforces the information covered very well and requires one to think about what was covered in the lectures.You may want to remind students that the questions may change from quiz to quiz. In many of these on-demand courses, the quiz questions do not change and students may be in the habit of not rereading the questions they have gotten correct on previous attempts.Week 2 – Revenue After Cash Collection at 7:39 – talking about Days Unearned Revenue and mentions that an “increase means slower future recognition”. A bit more explanation around what that means would be useful.Week 3 – no particular additional comments on the lectures other than some in-line questions might be good.. I found Benford’s Law really interesting.Week 4. It would be really nice to have something to break up the lectures – some in-line quiz questions might help. This would also help to reinforce the material.Week 4 quiz Question 9 -, the double negative wording of the question and the correct response may cause confusion for students – particularly for those for whom English is not their native language.Overall CommentsI enjoyed the course and learned a lot. I was wondering whether it would be possible to provide a summary document with all the key information from each week related to the ratio calculations and the key things to look for related to those ratios. I know that the ratios are provided in the spreadsheet but it might be good to have a written summary with some supplemental information about how to use the ratios.I think in-line quizzes or practice questions would be helpful for students – perhaps ones that asked students to do specific things in the spreadsheet and come back with an answer. They don’t need to be long or complicated – just something that gets people into the spreadsheets and working with them early. You may want to do something stronger to encourage them to “play” with the spreadsheet. Many will feel reluctant to change the numbers in the spreadsheet for fear of “messing” it up. Perhaps a reminder that they can change whatever they want because if they mess something up they can always download it again. Or they can save a copy and play in that leaving the original untouched.It also might be a good idea to have a “playground” sheet where there is a simple set of Financial Statements and the students can try changing things in the financial statements and see the impact on the key ratios without having to move from one spreadsheet to another – so, a combination of the Original tab and the first two columns of the Ratios tab. You might even want to have two columns for the ratios – one for the ratios with the original numbers that does not change (fixed values) and one for the changed numbers, so students can see the effect of the changes easily.In terms of the spreadsheets, I thought that the Original, the Ratios and the CommonSize tabs were fairly straight forward and relatively easy to understand. That may not be the case for people less familiar with MS-EXCEL but I don’t know what the target audience is for this course so the students may all be proficient with the tool. On the Valuation tab, I was wondering if the numbers in Row 41 should be highlighted in some way to emphasize that they are Years. That is not clear on first glance.There are a lot of mistakes in the subtitles. I pointed out many of these by flagging the specific videos where they occurred.Thank you for the opportunity to participate in the beta-test of this course. I hope that my comments are helpful and that I have not missed too much that causes students issues as the course goes live.",4
334,"Thank you very much for this awesome course, I really enjoyed and learned alot from it.I really liked the selected topics, they act like an intro to some really interesting fields in the programming.I've learned about NP multiple times but never found a use to it until now, the problems were really good and informative.I think the linear programming was pretty rushed, it should've been expanded over two weeks with more in details.Maybe add a problem or explain the use of duality .",5
335,"I didn't like that course because of:-weak explanations of algorithms-almost all assignments I googled, I spent all my time googling these algorithms-when code is submitted and something goes wrong It is not possible to understand what is really happened",1
336,Nice one.,5
337,poor course. never give any algorithm. No clue where the problem come from. The forum is only help a few people. No general ideas how to solve the problem. waist a lot of time debugging but still couldn't pass the assignment.total waste my time and garbage course.,1
338,While I like the content of the course but I felt too much of topics were crammed into one single course. I had to struggle a lot to grasp the concepts on advanced algorithms by just relying on video lectures so I had to look around in the internet for additional resources. Nonetheless it was a satisfying experience though it took me a lot of time and effort to complete the assignments.,3
339,"Loved what I learnt, I also implemented a project using Google MAP API for the organization I'm working at",5
340,"Inadequate student and teacher participation on forums, leaving students to figure things out without assistance or collaboration. Insufficient explanation of math concepts required to fully understand lectures.",2
341,"The problems are really challenging, thank you! However, the instructor is not very active in the discussion forum, which is a pity when you really need help and get stucked in the problem set.",4
342,"Excellent but tough course ,you need to work and it is not simply called advanced Algorithms and Complexity.You will be forced to test your code properly ,even if you didn't do it properly in the previous specialisation course.",5
343,Thank you very much. I learned a lot in this course. I recommend it!,5
344,"I enjoyed the course a lot. I cannot thank the instructors enough.It would have been more interesting if we could go deeper on linear programming, such as extension to integer programming. The discussion about the duality was a bit too fast to me.",5
345,"easy to undestand, but it needs more examples",3
346,Good one!,5
347,"Great intro to Ableton, with good hands-on experience. Nice starting point for those who seek to expand their music creation toolset.",5
348,great fun and easy to learn.,5
349,"I personally think that I've learnt more from Google and YouTube then in this course. You can join the course for certification. Other then the certificate, I find this course not much of value.",3
350,The course gives a good basic overview of the softwareAs a newbie to DAW software it helpsActually needed it to determine if I was going to purchase the full versionI will be,5
351,Offers a nice introduction to Ableton and its Usage. However it would have been lovely if this was a longer course.. Loved the way of instructions and the topics covered.,4
352,really great course,5
353,Really useful for beginners!!,4
354,must have if you want to start using ableton,5
355,"Excellent course.Great content, tasks and learning environment.It helped me to rediscover my love for creating music and how well suited Ableton is to my way of working.",5
356,"Good as a introduction, but there was only a few people on blend so it was hard to earn their votes, hope there will apear some intermediate or advanced courses.",4
357,"Great introduction to Ableton 9 for a newcomers. You'll learn basics, but those that are enough to start create music.",5
358,Awesome course for an intro or to just refresh your skills.,5
359,it's awesome for beginners!,5
360,"Cool, The best i did on line.I learned a lotThanks you very much.",5
361,to easy. enjoy everyone! also children to old papa anyone.thanks for Erin Barra,5
362,"Great introduction to Ableton. If you love music, this can change the way you create sounds, melodies, rhythms,...",4
363,If only it was a week longer.,4
364,This is a great course for people who do not know Ableton. The exercises were easy to understand.,5
365,"A very good course for getting a quick and effective introduction to one of the coolest DAWs around! Barra has explained everything nicely, and in an easy to grasp manner. Go ahead if you're looking for digital music production even remotely!",4
366,Perfect Starting point to Ableton Live!!!,4
367,Mo comment went way too fast no contact not deep,1
368,"As thorough as possible given the time constraints. Erin Barra did a terrific job of condensing the material . I ended up appreciating the appeal of Ableton Live -- which is to say, a non-linear, clip-based DAW. The program (and Push) is endless, and I'm still learning all sorts of things. Good to have this basic foundation to work from. Thanks....!",5
369,Great for beginners and if you want to get into Ableton DAW,5
370,"Very good course, I really wish for a next more advanced level course.",5
371,"Excellent experience. Material, instructor and pace of the course were really good.",4
372,A well-presented and thorough introduction to the fundamental tools available in Ableton Live.,5
373,A great course to teach the basics of this software!,5
374,Thank you Ms professor Erin Bara you are the pest,5
375,"Gives a soft view and precise information about what to do and how to do in Live.If you are looking for some input to start recording yourself or to start creating any kind of music, i strongly recommend this!",4
376,Great class for learning the fundamentals and basics within Ableton live 9. Projects are realistic and designed to educate a student no matter their level of knowledge.,5
377,Great for getting me started. I feel much more confident in navigating my way around the Ableton workspace. Using blend has opened me up to some wonderful ideas and opportunities :),4
378,Please create another course,5
379,Fantastic and helps you create music that represents you.,5
380,Fully recommend if you want to dive into Ableton Live,5
381,Great course with an even greater lecturer who helps ease users into Ableton Live.,5
382,I learned so much in this class and the instructor did a great job explaining the contents,5
383,Great course!,5
384,Very light and practical course. Good for beginners but also nice to refresh some tips for intermediate users.,5
385,it's a great course for people who want to learn easily the base of this program!,5
386,Very helpful in acquiring necessary knowledge about Live. I would recommend this course to several others like me interested to get their hands on Ableton.,4
387,An excellent introduction to an extremely powerful Digital Audio Workstation - one which I had used for a few months but still learned a great deal from the course.Highly recommended. :),5
388,Great course,5
389,Don't recommend.You're better off skimming through the ableton manual and using the search function to get the answers you want.,1
390,Good course . A must take for beginners !,4
391,Great introductory course for ableton!,5
392,"I loved! Easy to learn, easy to understand. Now i can to use my Ableton and work on my productions. Very nice teacher!",5
393,"Simply an introduction but definitely helps learn the program, at least on a surface level. You will gain basic functionality and be well on your way to crafting more complex arrangements if you desire.",5
394,Erin Barra is an excellent teacher; one of the best I've ever encountered. The course plan is well thought out and structured so that absolute beginners as well as those with Ableton experience can benefit. Highly recommend!!!,5
395,Really great course! The videos were very clear and I learned a ton about a program I've been using for years to record audio only.,5
396,"One of the best introduction to Ableton Live. This course is sharp, to the point and makes you sketch out a small track every week - a great way to get involved with the DAW.",5
397,Loving this course,5
398,Great course to start working your way around all the incredible tools Ableton offers.,5
399,I did not understand the submitting process till the fourth week. I feel that you could have offered a more detailed description . Doing the review in the fourth week did not do justice for my peers.,3
400,Excellent overview and practice for new ableton live users.,5
401,"I have learned so much about using Ableton Live in this course. It really gives you the basic of the program and then some which is really great, especially when you want to use this program for producing and or recording. I highly recommend it to anyone interested in Ableton and Berklee Online.",5
402,Excellent to start learning.,5
403,"It's a great course. The teacher is the best, very direct and understandable.",5
404,As an introduction course its very helpful. It has just what you need to get started.,5
405,"A very nice experience. I expected an entry level course, but Erin organised a well rounded path. I got a new effective approach to the Ableton Live 9 software.I recommend to develop carefully your assignments: you will improve your own skills by comparing your solutions with those of the classmates. In addiction you'll find some ""veteran"" student willing to help.Good luck!",5
406,"While I did not have time to complete the final assignment I did find this course useful for creating a firmer understanding of Ableton Live. The peer review process is a great idea and something which I found to be both engaging and useful for networking with fellow artists.The content of the course I feel is probably useful to someone with no prior knowledge of DAWs, but this is not my first DAW. As such the course felt a little slow and the assignments a little unchallenging. Personally my peer review experience ranged from listening to fully fleshed out ideas to listening to uninspired loops of nonsense. I still feel as though I benefited from the process, however, and I gained an invaluable resource in Blend.I would love a next level - fleshing out some of the ideas touched on throughout the course, as well as exploring other ideas such as sidechaining.",4
407,I've started producing with live in a week. Amazing and clear course.,5
408,Brilliantly designed course for fundamental understanding of the DAW.,5
409,"This course covers a lot of ground in a short period of time, and does it in a way that makes it easy to quickly leverage the power of Ableton in production and live performance. I appreciated the simplicity and thoroughness of the videos, and the assignments kept me motivated. It's a great class for complete beginners, as well as intermediate users in need of a brush up. Erin has a good approach to teaching: she's efficient and clear, and her basic examples don't overwhelm the student.",5
410,it's a great introduction to ableton but nothing more,4
411,Keeps me connected to music and music technology even in my work life,5
412,"Learned a lot. Got me started and using the program, and making music.",4
413,"This is a great intro class, designed to be completed within the Ableton trial period. Ableton should pay Erin a commission on sales that come out of this course, because I imagine it's bringing them 100s of new sales!The materials (mostly videos) are excellent and easy to follow. I learned a lot in this short class and would love to see an ""intermediate"" Ableton class in the future.My only complaints are related to the collaboration software that you need to use for this course, blend.io. Site navigation in blend.io can be painfully slow, and the site is buggy. I would have preferred to simply share information via dropbox or some other file sharing method.The peer review process is a great idea, although I think it's really tricky to do this in a music/art, because there is so much subjectivity and not much of a rubric. (There are some quantitative questions just to verify that the student follows instructions, but the open feedback is totally open). But, overall, the peer review works pretty well and gives students an additional incentive to turn in a quality product.",5
414,Great course. Won't say anything else... if you want to know how it is you must try it!,5
415,"Great introduction to Ableton Live. Covers all stuff you need to know, and helps you through some stumbling blocks.",5
416,"Excellent introduction to live 9. Very comprehensive, easy to understand.",5
417,Awesome course for those who want to learn Ableton´s Live DAW!,5
418,Excellent for learning the basics!,5
419,"Great course! For very short time you'll learn so many amazing things. You will know in depth one professional software for music composition. You'll create 3 compositions which will be placed in musical website and hundreds or thousand of other musicians will hear it and vote for it. You will be part of wonderful group of other musicians like you taking part in the same course. You will be able to discuss with them important subject's... Great course. Thank you, Erin, David!",5
420,Really good resource for anyone wanting to learn the basics of a super flexible software.,4
421,"Great instructor, I like how you can go back and keep going over the instructional videos throughout the course.",5
422,This course is a challenging into to Ableton Live. It is well worth the time for even experienced producers who are new to Ableton Live. I first got Ableton Live in November 2015. It is now January 2016 and I feel like I have come a long way thanks to this course.,5
423,Fun course! Excellent for beginners. By week two you are able to make an arrangement already.,5
424,"Great to start with Ableton, even i start with some youtube tutorial, this course really works for me cause i can see some errors i did.",5
425,interesting and easy learning!,5
426,"The MOOC teaches what it is supposed to, although more classes would be nice since Ableton is such a big program.",5
427,Erin is a great and easy to follow instructor! Thank you.,5
428,"Great Course, lots of feedback from your assignments!",5
429,"anyway, I can start to make music after this course.",5
430,Thank you so much for this course. Really... very neccesary and important for people who loves music.,5
431,"I never ever would have gotten started with Ableton if it weren't for Erin's course. She made it SO easy to understand. For years, people have tried to explain it to me but only Erin succeeded in making it sink in! This course ROCKS.",5
432,Very good course for learning how to work in Ableton. Professor Barra teaches really great.,5
433,GREAT!! thanks a lot :) :),5
434,"The course is an awesome intro. It could be longer! These Coursera Berklee courses are so short, sometimes they feel like advertisements for the Berklee online courses.",5
435,I thoroughly enjoyed this course. The time commitment required for each week's assignment was perfect. I learned several techniques to aid me in going forward in my musical endeavors and look forward to many years of continuing to explore Ableton Live.,5
436,Great course waiting for level 2 :),5
437,Great course! Helped me to get started with Ableton Live.Video lectures were straight to the point.,5
438,Excellent! the best way to learn!,5
439,"At this moment, I'm in the week 2 and I'm loving it...I'd really recommend it.",5
440,Very good instructions of the teacher!,4
441,"Very good introduction to this software, teatcher is great and very easy to understand. I have learned a lot of good stuffs such as how to warp audio, convert audio to midi and so on... I was used to work on cubase and I have discovered the specifities and the advantages of Live.Moreover thanks to the assignment objectives I had to force myself to be creative and It was a great feelig.Thanks for this course :)",4
442,Great starting point for learning how to use Ableton Live.,5
443,"Really nice.. Basic, but just right..",5
444,This course got me fluent enough with using Ableton that I can sit down and play around with it comfortably and create music. Very pleased,5
445,"This was such a cool way to get started again with music production!!...I'm so glad I found this course, and Erin was perfect, she made everthing so clear and easy...I wish it was a longer course tho!",5
446,"It's amazing that we live in an age where you can take online classes like this for free.I went from not knowing my way around Ableton to being able to make simple tracks in a few weeks.The course load is pretty light, but it makes it easy to stay motivated and keep up from week to week.The instructor has her quirks, but don't we all. I feel like this course is great for introducing someone who has prior experience with writing music and using DAWs to Ableton Live. However, for someone who already knows the basics of Live, this probably won't be of too much use.",3
447,I enjoyed very much the lessons and I had a very good time on preparing the assignment on Ableton.A great course.,5
448,"It helped me to improve myself, understanding Ableton Live and getting better in working with the program.",5
449,"Awesome, Useful, very practical! Erin is a wonderful instructor.",5
450,A great course. It does teach you the essentials on how to begin making music with Ableton live. It even helps you search on your own if you troubleshoot. Its definitely worth it!!!,5
451,Very good course for does how just starting with Ableton.,5
452,"Great, specifically for its collaborative approach.",5
453,"This is an amazing course ! it is my second time taking it. Instructor Erin Barra does a great job with the tutorials, she really knows her stuff.",5
454,I have being waiting for this a long time :),5
455,Good information!,4
456,Fantastic Teacher - very clear. Fun assignments and a very participatory community of students!,5
457,"work motivational, very clear, well structured on a steady groove ... excellent!",4
458,Very good basic course. Enjoyed it very much,5
459,I am very grateful i came across this Course.,5
460,Very interesting.,4
461,Very useful !,5
462,Its just the best!,5
463,Great Introduction into the program....a quick look. I felt the tutorial in the program covered a lot and most of the info here can be found on youtube. Although you don't get a certificate for watching youtube,4
464,It is very nice for people are starting with abletobn program,4
465,"For anyone getting started this is a great course to do it with. I'm retaking this course as a refresher since I took the same class in the beginning of the year. I've been very busy so I forgot some functions. The videos & explanations make it very easy to get reacquainted. Plus what's more fun than getting some more production in, hearing your own creations & everyone else's for that matter. =)",5
466,"This is already very, very helpful with mastering the use of Ableton, understanding how the I/O functions work, and polishing a track to the mastering level. Great program and very intuitive!",5
467,Great overall introduction to start creating straight away. Liked it much!,5
468,"Great course, I just wanted it to be more thorough :) But for beginners like me, it really helped a lot! Thank you!",4
469,Excellent introduction to Ableton,5
470,Definitely recommend this short course which gives a good overview of Ableton Live's capabilities and how to use them.,5
471,I love it!,5
472,"good, straight to the point Course, you can learn other things in this course like Blend.io",5
473,I'm now taking this course a second time because it is so absolutely helpful and has really given me a free and friendly place to learn how to use Ableton and get started on music production!,5
474,Very helpful,5
475,Erin Barra is awesome..!!! Really good course to get up to speed with ableton.,5
476,Excellent Course... Erin Barra is really excellent in teaching. Now I can proudly say even i can work in ableton live nicely. Thank you Coursera,5
477,Great intro. Really gave me confidence with the DAW.,4
478,You don´t need anything else to get started with Ableton...,5
479,This is a great course to introduce anyone interested in music production. I would recommend this course to any and everyone. Thank you Berklee and Erin! Can you tell I enjoyed this.And the Beats continue.Johanna -JKM,5
480,"Really, really nice for learning the basics of Ableton Live. The instruction videos are short and concise, and there's a clear path forward after the course.",5
481,Great class to get your feet wet with ableton.,5
482,Everything on this course was amazing!Congrats and thanks so much for all!,5
483,Great course. Got me started off with Ableton live. :),4
484,"It was fun. Have peer review is helpful. However, it was mainly one time comment. It would be great to start conversation and interaction among course takers.",4
485,Great tools and solid instructions. Thanks!,5
486,This was an excellent course that was well explained and easy to follow.,5
487,"Fun and interesting course. I learned a lot, despite already being a Live user. Reviewing the assignments of other course-takers widened my horizons and helped me gain valuable insights.",5
488,"Real a great course if you are looking to learn the basics of Ableton Live 9 or just need a refresher after the break. Erin does a wonderful job of explaining the basics with out overloading you with to much information. Each assignment is to make a song. It starts with basic stuff and works toward more advanced stuff near the end. It's helped motivate me to put more time into making music and use the tools and software that I have at my disposal.A personal thanks to Erin, this class is just what I needed!",5
489,"Fantastic Course, i have saved the videos so i can review them again.I thoroughly enjoyed it, all over again. This was the second time i joined Introduction to Ableton Live but this time i decided to get my verified Certificate yay! Thank you Erin!",5
490,"Thank you so much Jeff, iy was usefull course, i think it needs to extend the material and learning's period.Thank you so much!!!",4
491,Very excellent class. Lots of great information.,5
492,i had a great knowledge !thanks for offering this course i don't have such course in india .,4
493,Very nice course,5
494,Awesome Course. It was quite challenging though,5
495,"This particular module (week 3) is written for those students who are already have at least a nodding acquaintance with the software.The videos move so fast that I am not able to detect what is going on. Please believe me when I say that I run a copy of Fusion 360 at the same time as a particular instructional video is playing. I toggle from one to another, taking notes from the instructional video when possible. Still, it takes me weeks, not days, to understand what the professor is doing.It is true that there are several online tutorials with regard to using the sketch tools contained within Fusion 360. I have been reviewing the tutorials that I am able to find -- and I have learned quite a bit of ""how-to"" information that this particular module does not provide.Why is it that some of us who are new to the Fusion 360 environment have come to understand that we need to spend hours of our time to ""fill in the blanks"" of week 3?Are we to keep searching other sources so that we can learn what has not been taught in Week 3? If so, why?Bill Clark",3
496,"This course introduced me to the different software tools that can be used for 3D Printing. I recommend this course, as well as this specialization, to anyone interested in 3D Printing.",5
497,more details on ther software would definitely be useful,5
498,"The instructor does an excellent job, but realistically there is no way to be proficient enough in a 3D software program after a week or two to earn a certificate. The certificate is worthless in my opinion. I liked the class but it seemed more like intro vs. a class of any proficiency required.",3
499,"The course was enjoyable for the most partand I increased my skill level. The videos, for the most part, were good. However, consider revising some of the one for Fusion to include demonstrations for the sweep, loft, and revolve tools in the Sculpt mode if they are to be included in assignments. These were not as intuitive as the others and required reliance on videos found on Autodesk as well as Youtube. Additionally, it would be helpful to slow the pace in illustrating ""how-to"" in the videos. There seemed to be steps omitted and I found it difficult at times to reconstruct all the steps. Finally, I noticed that staff/mentor help was not readily available for weeks, when participants posted queries in the forum.",4
500,This class was inspiring! I't was worth the wait. Thank you!!,5
501,Very interesting course. Maybe Fusion 360 may have lasted one more week to get more indepth knowledge,5
502,"I wanted to give only 4 stars because of the all the “problems” we encountered, but then we are learners investigating problem solving by design thinking. We can handle whatever comes, so the fifth star is for us. We are shaping this course by contributing to forums. Presumably we are ten thousand strong, let’s improve our worldwide voice by saying something on forms so we can get what we need and want we want also to stay on the cutting edge of reality.",5
503,Interesting and very useful course.,5
504,It gave me a good understanding of the software capabilities.,5
505,the introduction to Fusion is more a customer presentation to advanced CAD user than a tutorial for newbies.,2
506,Wow! It was such an inspiring journey!,5
507,"The bi-weekly assignments mixed with the bi-weekly lessons is a really great course structure. The audio on some of the videos interviews can be poor, and I wish some lectures, especially the last one were more in depth, but over all great course with a good pace.",4
508,Excellent course you should make more courses like this,5
509,"it was really an amazing experience , wonderful course with a lot of knowledge to learn , a lot of facilitations that make studying process very interesting , thanks a lot for your efforts , I'm very enthusiastic to have a visit to the Leiden medical school and center one day ^_^ and continue to learn from such a great medical staff =D",5
510,I loved this course. I've been teaching Anatomy to physical therapist students for two years and this course helped me a lot to improve my teaching. Thank you for your hard work!,5
511,Very interesting course! Great videos and instructors. T,5
512,I'm so glad Leiden University is working with Coursera. Such a great course!,4
513,"This is a great course, i am happy that you gave me the opprtunnity to get a certificate. Its a subject i really feel i gain more knowledge now.",5
514,"Well-organised , Very good for beginners and intermediate learners .",5
515,Great course!,5
516,i never saw like this very very amazing worki would like to repeat this course 10 times,5
517,I love it ! Thanks for doing this for us,5
518,iam soooo happy to joined to this course which help me to evaluate my skills and increase it,5
519,A good refresher in abdominal anatomy. Though with some negatives. The accent was difficult to understand at first. Most of the course content is for beginners in undergraduate level. Yet it is still good.,4
520,Do you have an idea how lucky you are to have access to a course like this?! Normally you would have to be enrolled in med school.,5
521,Fantastic videos walking through anatomy on a real human body!,5
522,difficult course that is full of information but if anatomy is your 'thing' then this is a very good course to take.,5
523,incredible content and resources!,5
524,"I really want to thank you all! In fact ,i never have experienced that awsome lecture! The embryology is the most diffucule lesson to me,and through this lecture,I don't think it is boring and hard to understand.At the same time, I really acknowledge using what you have leraned is the coolist thing in the world.You can figure out how responsible the teachers are(include every individuals who participate in this lecture's making) !thank you all again!!",5
525,Perfect,5
526,"Tough course, but fascinating and very well presented. I was never going to pass the final test because I just do not need to know the detail. However, I'm very grateful to have got to the finish line. Thank you.",5
527,amazing course help me alot,5
528,"is a very very boring curse, don't recommend anyone, please for your good at everyboduy else kill this course, don't embarrass yourself and the universities that represents",1
529,"Outstanding, clear, well-explained, not overwhelming. Dissections really aid to have a more realistic understanding. Good supplemental materials cover the material with great focus, and if more details are needed it is easy to get those elsewhere. Great effort by U. Leiden!",5
530,it is a very good course escpecially for medical student,5
531,Just awesome!,5
532,Excellent!!! I am impressed; they explain very well and it is very interesting to learn from them despite their accent.,5
533,great course with great dissection videos. course materials are very interesting. I understood the anatomy of the abdomen which medical school couldn't teach me.,5
534,very hard course but extremely detailed one.,5
535,I am dropping this course. don't e-mail any more for this course. How do I unroll in this course.,1
536,"V difficult, but rewarding!I did not get the grade I thought I would in this class...but I learned a lot more than I thought I could! Very in depth and thorough, I think I value the knowledge I received more than the sub-par grade I received. ;)",5
537,"The course itself is 10 out of 10: overwhelmingly informative, presented in a totally engaging manner, lots and lots of visual aids. Fly in the ointment: teaching assistants (called mentors here) apparently have come from very different (including hierarchical) societies and learners are required to take the mentors' diversified background and attitude into consideration. Not vice versa.",4
538,very hard but excellent course,5
539,I thoroughly enjoyed the course.,5
540,"Nice course, a difficult one but very challengeable. Nice structure and easy to understand.I wanted to refresh my knowledge in anatomy and in such gained a whole lot more in return.Thanks to the Professors for their time and effort in making this MOOC.Very pleased.",4
541,"Not meant for learners new to the medical field. Despite the challenges, the material is very fascinating and anyone interested in anatomy will learn something. The course utilizes outside research. I might enjoy the whole course experience more if the design were not so technical. I do, however, appreciate the challenge and seriousness of the topic.",4
542,"Great course, like the way of teaching. Really starts from noting and goes to a senior level of knowledge.",5
543,"Very good material, explainations and teachers. Recommended for everyone who wants to learn.",5
544,Im loving it so far.,5
545,"Very good course, still in the beginning, but liking so much.",5
546,Excellent course and well designed. Even though some of the concepts where harder for me to understand I now have a basic understanding of the structure of the abdomen.,5
547,Nice and necessary course.,5
548,Me gusto mucho,5
549,me gusto mucho,5
550,chevere,5
551,"I loved it, was very funny and relaxing.",5
552,"EXCELENTE CURSO.GRANDES TUTORASEXCELENTE METODOLOGIA DE ENSEÑANZA Y APRENDIZAJE.SE ABORDARON LOS TEMAS DE MANERA ENTENDIBLE, COMPRENSIBLE Y CON RETOS QUE INVITAN A RAZONAR Y APLICAR LOS CONOCIMIENTOS ADQUIRIDOS.ESPERO PIENSEN ELABORAR UNA SEGUNDA ETAPA DE INTERMEDIA Y AVANZADA",5
553,So far the course is just a tutorial for using Scratch and they're not teaching how to program that is the name of the course.,2
554,Muy buen curso para aprender Scratch.,5
555,Very wonderful course to learn the basics of programming using the amusing and interactive language Scratch,5
556,"A course offering very accessible, clear introduction to the concept of programming seen as a network of algorithms, supplanted with a myriad of real-life examples. It then introduced a comely intuitive software, developed by MIT - Scratch, which enables you to practically start creating animations and thus programming. Even though i'm not a fluent hispano-hablante, just the knowledge of English and some classical culture should make it possible for you to follow. At the same time, should that be too complicated, there should be subtitles/English language version to all the videos and of all other materials. Have NOT tried that though.",4
557,Very easy and good explanations,5
558,cool,5
559,"The male Professors seem to speak Chinese half the time, therefore not being able to understand the material for students who aren't fluent in Chinese. I prefer the female Professor from Advanced Neurobiology I who presented the material in English, and in an engaging and coherent way.",2
560,"The topics are really interesting and advanced! However, there's a lot of talk in chinese, due to questions/answers from teacher and students, and the quizzes are a bit too easy. I learned a lot though.",3
561,"If you don't speak Chinese it's a terrible course...The lectures are recorded from lectures at university and the rhythm is very slow and not very well explained (at least the first week). The transcriptions into English are incomplete, so understand this course is very very complicated.I do not recommend it at all.",1
562,Excellent!!!!!!!!!!!!Really Advanced course with many many resources!,5
563,This course teaches us tips of effective and constructive way of discussing !,5
564,I like the way it's presented.,5
565,Great course and very great exercises,5
566,Great Course... Although I feel we must discuss more case studies,5
567,Very useful insights and definitely a knowledge enhancing course,5
568,"Very interesting, well- explained, and practical course. Unfortunately you need the Excel 2013 professional to complete it and make the most of it.",4
569,In depth step by step explanations in how to use Excel for Analysis and Visualization,5
570,"I have already had the basic skills in excel, but I learned many new things. The explanation was very clear and I enjoyed the lessons very much. At this moment, I cannot spend money for my own learning since I spend much money for the education of my child, but courser and pwc gave great opportunities for me to learn as an auditor.",5
571,Great Course. Lots of Analytics features from Excel... I love itttt,5
572,Good basic skills for creating clear and compelling graphs for visualizing data,5
573,Great!,5
574,Great course. Well structured and each concept was explained very well! Made me feel enthusiastic about learning more.,5
575,A superb learning experience,5
576,Good course for understanding how to create advanced level of charts.,5
577,This course gave me the opportunity to learn a lot. Thanks to PwC,5
578,"Excellent course and it has opened my eyes to the wide array of Excel Power tools and their ability to provide simple, yet powerful visual dashboards for executive decision-making. Thank you for the opportunity to participate in the course.",5
579,Useful information about Visualization in Excel and data presenting.,5
580,Very helpful! I have acquired a lot new skills from this course!,5
581,"Very good overview and practical exercises to keep learners focus. Exercises can be very technical, get ready to spend more time on it.",4
582,Very informative and more relevant than other courses for a business environment involving simulations of economic phenomena,5
583,I had not any ideas about powers of Excel! Thank you a lot!,5
584,"There are some excellent tools covered in this course. It is advanced level learning of Excel. There were a few glitches in the program. There was missing content at times. Overall, I was impressed with what the course covered.",4
585,A great course for people working with data,5
586,"Excellent course materials, very applicable for professionals who work with data",5
587,"Practical, step-by-step guide and easy to understand, thank you very much for PwC instructor's efforts to design and develop such a fantastic course, look forward to completing the whole specialization!",5
588,Very nice course and very helpful. It really helps to gain the in-depth visualization and analysis skills,5
589,"Great business practice advices, but not very rich with real life practice, like print preview, professional colour theme chosen, etc.Achieved: 2017-02-26",5
590,"Hi,I am very excited about the course, thank you and your team for excellent overview of data analysis and visualisation tools in Excel. All videos are very consistent and contain very clear and informative message.",5
591,Good practical introduction! Good course.,5
592,Very useful and comprehensive,5
593,I really learned a lot during this course especially how to build data models and dashboards. Well worth the time spent.,5
594,Excellent materials and approach. It was a very useful course.,5
595,Great course to data analysis and excel!,5
596,Good one..!,5
597,having studied competitive strategy and now moving on with advanced strategy course. It illustrate more details to me which will help the work. Also the knowledge obtained involve lots of new ideas.,5
598,I've know many skills in competition with many true cases. Thanks!,5
599,"Good content but the Chinese translation is bad, which makes quiz quite obscure in meaning",4
600,"Not difficult to understand,interesting,helpful when making choices.",5
601,very useful course. And thank for professor's clear instruction.,5
602,An interesting course and thank you for translating it.,5
603,The course is more about business competitive strategy and there are lots of live examples. Thumb up!,4
604,This course is very helpful to make me understand the economy and the finance th,5
605,I am very excited that I have been able to successfully complete my first Specialization.Great course!,5
606,I like all these courses,5
607,The research needs like six months,4
608,"It was an excellent challenge that tested all my previous skill acquire along the specialization. I really enjoyed myself with this course. Give it a chance and do your best. Certainly, you will succeed.Cheers!",5
609,"The course content is great, but peer evaluation is simply useless and almost random. This specialisation needs to introduce an actual final assessment by an actual expert, not peers.",2
610,Writing research paper is one of the most useful courses for all professionals.,5
611,I have learned so very much. All of the courses in the specialization have been taught in a way that has been easy to understand. I will miss Tamy Chapmans smiling face.,5
612,"I would love to thank you for your hard working. It was a good course. I have learnt a lot from you. In addition, I'm looking forward to participating with you on another course. Thank you once more again.",5
613,It is a great moment in my academic experience. Thank you Prof Tamy.,5
614,Excellent course! I'm grateful to all who made it possible.,5
615,"Jefferson is a fascinating, controversial, brilliant, and hugely important figure - unquestionably a ""Founding Father"", if you will - in our nation's history. Professor Onuf brings to light the key aspects of Jefferson's thinking, work and accomplishments, prompting this course participant to want to further explore all that he did, the challenges, and especially the people, who he was up against, his relationship with Sally Hemings and how that influenced his views regarding slavery, and much more.",4
616,"Really insightful course giving a really amazing insight to the past political climate of the US, but also really shedding light on the current climate as well.",5
617,"I very much enjoyed learning more about Thomas Jefferson through the required readings and Professor Onuf's lectures, and would recommend this course to anyone wanting to know more about the third president of the United States and the University of Virginia. My time was well-spent.",5
618,"Excellent class! This is an overview of who Jefferson was, what he really thought and believed in, what his contradictions were and why they existed, and how the perception of him has changed through different historical periods. I thought I knew a reasonable amount of information about Jefferson and the revolutionary period, but I learned so much about the historical and cultural context of the time and how it shaped Jefferson's thoughts!Given our current judicial system's split over whether the constitution should be regarded according to the 'originalist' intention or whether it is a living document, I was surprised to find that Jefferson himself saw it as a living document, to be reshaped by each generation. Understanding why he thought that is really essential to understanding how to think about the problem today. So this isn't just history, it's current events!I was concerned that the course seemed to be all lecture, but by the second week I was hooked. Dr Onuf is a compelling speaker, and tries to convey who Jefferson was, the world he existed in, and get you to think about Jefferson in all his complexity. The reading material is all pertinent, and (thank you!) not overwhelming. This course is ""right-sized"" for an online forum. I think you could spend about an our or maybe two per week on the lectures and reading material, and do fine. You would do yourself a favor to view each lecture twice though, as there is a lot of material in each one.I would consider retaking the course for review, and would definitely take another course from Dr. Onuf. This was terrific, and I don't say that lightly.",5
619,"Exciting presentation. Excellent portrial of the periodic changes in thinking of TJ with his rise, fall and revival. While a conroversial thinker he truly was a renaissance men that will inspire future generations. America would not be exceptional, nor even a free country, empowed by the people.",5
620,"My only recommendation would be to add more photos, maps, illustrations, etc to the lectures, instead of twenty minutes of the camera pointed at the professor. It would help keep the attention of the viewer, in my opinion.",4
621,The course is really nicely done. Also for non-americans it is interesting even though a lot of background knowledge might be missing. But you have to be aware it is really more focused on the ideas of Jefferson and less on all the discussions and fights he had with his fellow statesmen at that time. I would have wished to learn also more about those.,4
622,"Great Course! A profound analysis of Jefferson ideal and wish for the nation to be. This course demonstrate how great, clever and wise Jefferson was. Now I can better understand what JFK said during a Nobel prize winner reunion at the White House: This is the highest concentration of intelligent in this house since Jefferson had dinner alone. Thank you for sharing this course on the net.",5
623,"Excellent course! I learned so much about Jefferson, and I appreciate Dr. Onuf's expertise on the subject.",5
624,Great lecture series on Jefferson's civic thoughts and writings.,5
625,The lectures are so thought-provoking and enlightening... Thank you very much!,5
626,Fantastic course by Dr. Onuf! I learned much and he helped correct misconceptions I harbored regarding Thomas Jefferson. Great videos and selected readings. The quizzes were relatively challenging.,5
627,Very Thankful for this course...,5
628,I loved the tour of the campus. It fit the material and made it seem more like a college setting than watching lectures on a screen in a class room all the time.,4
629,This is everything a Coursera course should be! Amazing videos and lectures that are well organized.,5
630,"I already love this and not just because Jefferson is my life long love affair, nice.",5
631,"Really interesting to get such a deep perspective on Jefferson. I had very little interest in him, even growing up in his home state of Virginia, but now I can't wait to learn more. This is a great course worth a fantastic instructor. Highly recommended!",5
632,I take my hat off for the passionate professor Onuf. It was a big pleasure to attend his lectures. They deepened my understanding of the American Revolution.,5
633,"I was terribly disappointed in this course. Mr. Onuf spends the majority of these lectures implying what Jefferson thinks without discussing much in the way of actual history. Further, the course seems more of a commercial for the University of Virginia than anything else. Overall, a waste of time.",1
634,Great course,5
635,Fantastic stuff for anyone interesting in the subject matter.,5
636,I found the course interesting and very stimulating. It allowed insight into a very interesting period in world history.,5
637,outstanding prof,5
638,Exceptional course! I would have enjoyed several more weeks. Dr. Onuf's style and methods in presenting the material made it possible to understand Jefferson in a way I have not understood him before. Wonderful teacher. Thank you.,5
639,Really interesting and enjoyable course.,5
640,Outstanding overview of one of the most important figures in American History.,5
641,"A very enjoyable course, albeit with a few instances of leftward political leaning.",4
642,very informative,5
643,"As a former student of UVA, it was wonderful to see the place again, listen to some of the stories we heard around ""grounds"" -- no campus here -- back when I was a teenager. I have followed Jefferson's life story, but Professor Onuf still manages to tell me some things I didn't know. Well researched lectures.",5
644,"Being Australian, I knew nothing about Jefferson so I came to this course with no expectations. I found it fascinating as it explained not only about Jefferson but about the American model of Government and Americans unique view of their nation. It is sometimes puzzling to an outsider to see this super nationalism and allegiance to the Constitution and Declaration of Independence. As an aside, I wonder what Jefferson would think of the apparent obsession with the literal words of the Founding Fathers with respect to things like gun control. Very interesting indeed.Mr Onuf is an excellent lecturer. You brought the topic aliveThanks",5
645,Great Course,5
646,I knew nothing about Jefferson before this course and nothing about his 'age' - not sure I am much the wiser about the latter after it! I enjoyed the tours round the historic sites and I thought the lecturer came over as warm and enthusiastic but it seemed he was preaching about a saint rather than giving a detached academic assessment of a historical figure and I found that it was hard to see the wood for the trees at times. Hagiographic might be an unkind description but it was certainly very respectful to the great man. I also liked the use of a student in cooperation with the lecturer.- he set the scene well and was a good interviewer.,3
647,The lectures are just videos of the professor bloviating about Jefferson. There is nothing academic about this course.,1
648,Useful orientation for a good American who more or less slept through all of his American hx courses in his callow youth. I have a much better sense of the important (if controversal) role Jefferson played in forming the values and structure of the US.,4
649,I highly recommend this course. I learned a great deal about Jefferson.,5
650,"Great, thanks!",5
651,"Great course that take you nicely through the intricacies of agile planning for software products. The instructors are knowledgeable and the material is good. The videos cover a lot, but the complementary cours notes and the supplemental resources makes it easy to review and use the material in practice during actual work situations.",5
652,"Lots of well structured content, easy to follow and informative. You know it's the tip of a large iceberg, so it's a very good way to start and let you wanting for more.",4
653,This course gets better as you move into the course!,5
654,"Great Course, Learnt alot of extremely useful tools for managing software products.",5
655,Good for learning to plan software product development using Agile,5
656,Very interestening for starting in Agility. I learned and understood a lot of things.Easy to understand for not English mother tongue.Thank you very much.,5
657,great class,5
658,Good Planning methodologies and examples,5
659,"Really learning alot, well explained and illustrated.",5
660,Really like this course! I think it is the best one in this specialization. Thank you all!,5
661,"Tons of great info! However, it would great to go over more of the real-life applications of the concepts.",5
662,Great course,5
663,That course is great! All material is described in easy form. I like very my tasks that had to be done and then put marks by other students.,5
664,It is very full package of knowledge and tests. I have a lot of new opportunities due to this course. Thank you.,5
665,It is excellent course in terms of the knowledge that I gain. However the multiple choice questions are a little bit default to understand. It is look like that you are examining our English skill :),4
666,"Really helpful course! Thanks, Coursera!",5
667,It is great learning experience..,5
668,79 USD? just to be able to submit peer-graded assignments... talk about greed,1
669,This course has helped me increase my knowledge and skills in project planning using Agile.,5
670,Pretty good.. A bit tough compared to the rest though.,5
671,As usual for this specs - a very high quality course.,5
672,"Great examples used in course videos. The Course Notes might be a worked on a bit more in terms of models and examples, but they are quite extensive and an invaluable resource. Teaching staff is quick to respond to forum questions, which is great!",4
673,"Quite interesting, may be not deep enough but great course nevertheless!",5
674,Full of new information on agile planning!,5
675,great course,4
676,"The most robust course in this sequence. It is well designed, very clear, teaches useful material effectively, and is fun to take.",5
677,Very easy to understand.,5
678,I think some estimation methods are not really realistic,4
679,It's a great course,5
680,Another great course in the specialization! great instructors who are very passionate. Truly make it fun and interesting to learn.,5
681,Great course,5
682,"My least favorite part of the course, but it was still put together well. Content just isn't as interesting as the rest of the specialization. Felt a bit too ""Project Manager' instead of the Product Manager.",4
683,It's very usefull course,4
684,Was great course.,5
685,Great course! Very useful information for beginners and for those who already has an experience with agile planning.,5
686,"Some part of learning material not concern to agile planning, for exampe absolutly not mentioned kanban planing.",4
687,This is a good series course to coach Agile process with generic pro,5
688,Really enjoyed t,5
689,Makes lots of things understandable and clear,5
690,Good Course.,4
691,"One of the best coursers I have seen on Coursera so far. The video production quality, course structure and content is extra ordinary compared to other courses that I've seen so far.",5
692,Very nice content and presented so nicely. Must read and highly recommended course for all managers and business analysts.,5
693,"I am Krishna Kant Kumar, working as a software quality analyst.Through this course, I learnt, how to estimate an iteration or doing an estimation of project.",4
694,Ambiguous assignments led to cumbersome completion. The peer grading got a little annoying as sometimes it took forever to get feedback and a lot of times feedback was minimal or the criteria for grading was vague and people took it WAY too seriously.,3
695,"Not the best, but if you are a newbie in management field you can find valuable information inside.",4
696,I highly recommend this entire specialisation. It's clearly taught and requires your practical application throughout. I've learned a great deal and thoroughly enjoyed the process. Many many thanks Uni of Alberta.,5
697,Room for improvement:-Case studies-More Assignment,4
698,Thanks!,5
699,"As a software-engineer and freelancer in the technical software domain, for me this course actually had all the meat (so far) while the first courses in the specialization felt like they didn't take that much effort to pass.",5
700,"Very useful to know different tecniques for software project/productplanning. Although some of those tecniques are (in my opinion) notvery relevant in an Agile environment (like work breakdown structures,pert or gant charts) the course is good to learn how to use those toolsand also to ask ourselves whether or not they are actually relevant or useful if we follow the Agile approach.",4
701,I really liked to do it,5
702,The course materials and lectures are excellent,5
703,"Really nice course. I was expecting a little more depth, but I really enjoyed the approach they took and their assignments.",4
704,Awesome lectures! Thanks a lot!,5
705,Great course! Thank you!,5
706,"Super-duper, very useful!",5
707,"This course has the minimal information than its brother courses, you may need to add more details focus on the planning more and give more assignment if applicable.",4
708,Another excellent module of a truly excellent Specialization,5
709,Good Course,5
710,Nice course. Decent content and always well-structured lectures. The peer assignments could have been better though.,4
711,This is more enlightening than the previous courses in the specialization. It felt like learning new material and techniques rather than simply reviewing concepts I already knew. I also liked that the assignments required creating actual artifacts and reviewing others' work. The industry interviews were a nice addition as well.,5
712,Really excited about the course..!!!,5
713,"Very tough, though very instructive.",3
714,I think ti is a very interesting and well structured course.,5
715,"I am participating in this course, it has an excellent material, I am learning new skills in writing an article research.",5
716,Very interesting course,5
717,"The course has enhanced my reading experience. Writing in the margins… up till now I have never challenged or asked the writer any questions. This idea has never struck me before, but interacting with texts provides ""room"" on the page for my conversation with the writer, which is a visual reminder that all texts are part of an ongoing discussion and are not the last word on a given subject.Thank you, Prof. Bazanova!",5
718,It's a very interesting and useful course. It significantly improves my reading and writting skills. Thank you very much!,5
719,"interesting, informative and useful. I quite like the self-questioning part which makes publication reading more effortless. Thanks.",5
720,It's a both very interesting and useful course for everyone who's planning to broaden the skills of a scentific writings in a quite involving and systematic manner.,5
721,Very interesting and useful course!,5
722,Thank you for your course. I improved my academic literacy skills. I still have to continue to improve but now I'm on the right track!,5
723,"The course is excellent! Straight to the point, both professors can explain the subject in a very easy way. The course was a pleasant surprise!! I strongly recommend!",5
724,Looking forward to course 3!,5
725,"Excellent course with very supportive staff and professors on the forum. On top of that aligning the assignments to ""The Romance of Three Kingdoms"" story makes it fun to follow along.",5
726,Very good course and excelent teachers!,5
727,Fantastic course material from great professionals!,5
728,"Really useful, focused and motivating. Hihgly recommended!",5
729,Was a really good course which provided me useful knowledge for my postgraduate course.,5
730,"Excellent, educational and witty lectures! One of the best classes on Coursera.",5
731,I like Prof. Tobias Kretschmer way to communicate the course and explain the contents in practical and well organized way. The course is very useful for my work.,4
732,Great Course and the professor is great!,5
733,I love this dude; very entertaining professor who is easy to understand. The class itself was also very interesting and i learned a lot that i can apply to my current position as a senior analyst at an industry research firm.,5
734,"Easy to follow, good content and comprehensive explanations",5
735,Course and examples are generally good. In rare instances the quiz has answers it labells 'correct' which I think could be debated.,4
736,Interesting course. Valuable insights into network effects.,4
737,"Excellent course, an excellent professor!!!!, Many thanks!!!",5
738,A nice course for the opics concluded from the base course.,5
739,THANK YOU!,5
740,"Excellent course, professor tobias teachs so good!",5
741,"The course was really great! The teacher explained excellent and the topics were very appropiate. However, when i finished the course i couldn't see the certificate of accomplishment at least; it never showed up :( And now when i click on the option ""Buy the course"" the page redirects me to an address which doesn't exist.Despite of this, I enjoyed this course a lot, as the first one! Thanks a lot!",3
742,Terrific course! Terrific instructor! I wish he had provided a learning path for ppl who completed this though...,5
743,Very interesting and full of real case study.,4
744,Great add-on to the first eddition of the course on Business Strategy. Congratulations to the Professor Tobias and his crew.,5
745,This is one of the best courses. The manner of teaching is very lucid and easy to understand. I am impressed with the examples. I would love to have more courses from him on Competitive Strategy!! Cheers!,5
746,"It's the best course, on which I have ever been enrolled. Its language is understandable not only for students of economic departments and for everyone, who is interested in this topic. The professor is a professional in his sphere and just a talented person with an actor's skills. He turned the course into an interesting tour of Munich, because every module is connected with some sight of the city, this activates attention and makes teaching material more remembered. If this course is continued, I will definitely join it! Thank you)",5
747,Exceptional training course for those working in the field of market strategy etc. Explanation and examples are close to the actual world.,5
748,The best free strategy course!,5
749,Awesome lecture. I wish the lectures at my University would have been as good as this. Then I think I would have a much better and more interesting time and I`d learned a lot more.Thanks for all your work!!Best wishes form Switzerland!,5
750,nice one to get into the strategy of any kind of the competionsyou could pass it even if you didn't go through the Part1anyhow it will be more then useful to understand the basis,4
751,excellent and some hint of humour in an otherwise rather arid topic!thanks,5
752,This a great course. I recommend it to anyone. Also make sure to take the previous course. The exams are great way to fixate knowledge.,5
753,"One of the best online course i have ever taken, i seriously reccomend this course to all those people who are into business and management.",5
754,"Very informative with plenty of real-life (or credible fictional) examples to better understand the concepts that were introduced. The pace was agreeable and the subjects diverse. Special mention should go to the instructor (Prof. Tobias Kretschmer), who did a terrific job! I liked the question format as well, though it could have been more challenging by not giving away the answers after an end-of-module quiz even if you didn't pass. That being said, the course is well worth 5 stars!",5
755,"Actually, the course should be titled as ""Introduction Into Macroeconomics"", I think. The course is fine, but I won't call it really ""advanced"" one. The structure and topic list is okay, but the depth is not enough to threat the course as ""advanced"".",3
756,Absolutely useful! They make it so easy to understand and probably the best MOOC I´d ever apply for,5
757,Just love it,5
758,Love your style of teaching. The Multiple choice answers in your exams are difficult but necessary to fully understand the topics.Content of the course - 100/100.I would take another course of Prof. Kretschmer instantly.,5
759,Well structured course! The explanation was clear and I have the frame works in my mind when I finish the course! Helpful course!,5
760,"Honestly, for something that says ""Advanced"" in the title, I thought it was a little too basic. There isn't enough depth and a lot of it involves common sense. Perhaps a more case-study driven course would have been interesting with more qualitative, essay responses required rather than cut-and-dry multiple-choice.",3
761,"content was not as interesting as in the first course, but still good overall. Questions were also less analytical challenging as the first course. But I still enjoyed the course as the professor was explaining the subject clearly and the videos were compact and enjoyable.",4
762,"Overall, this is a good subject.However, some slides are not well organized.Many questions in assignment are too tricky.",3
763,Fascinating material. Thanks again!,4
764,"Great professor, interesting course.",5
765,"while the task of summing up a lot of information in a minimum sized presentation is always a very difficult task, the structure of the material presented was not optimal. This in turn made it difficult for me personally to actually connect the weekly information presented with the overall meaning and the objective of each module. The ""why"" and ""how"" of most modules fit to the meaning we are forming (up to week 5 -the point I am leaving this class) is not evident. Last, some of the questions contained ambiguities that could not be reasonably clarified even going back and reviewing the material of the specific segment. Thank you for the offered class in any case.",2
766,"Varied and well-explained that held my interest throughout. My only criticism is the English in some of the written quizzes, especially in the final exam, needs reviewing by native speaker as some of the answers are ambiguous when they do not properly explain the context of the situation.",4
767,One of the best courses on Coursera.,5
768,Awesome course! I learned a lot through this journey. Thanks very much for providing this course.,5
769,Amazing course.,5
770,"Good course, Hope we had a certification for this.",5
771,"One suggestion would be lest multiple option answers, but the course was challenging enough to learn valuable information.",4
772,Very useful course and extremely well presented. Would recommend it.,4
773,World-class,5
774,"Very good course, but it is not ""advanced strategy"".",4
775,Very informative and I learned a lot,4
776,Valuable sequel to course Competitive Strategy by the same author. Interesting and informative.,5
777,"it is well put and easy to understand. besides, you can learn it anytime. the content is enlightening and has many new and intestesting topics. i really like it .",5
778,"This course is not only well structured, but truly enjoyable with the various outdoor background",5
779,"It was a great course, however some of the quiz answers are debatable",4
780,"After completing this course, I have gained valuable insights in real life situations and be more aware in my own industry. This course would not only allow you to see the playing field but also to make carefully calculated decisions towards the best possible outcome.The tests are difficult and some are rather tricky. But hey, the situations we encounter in real life are far worse than these.",5
781,"Material was tough, some of the questions weren't easy to understand / process. But overall a great class.",4
782,Very Good!,5
783,"While the course was overall well developed, there are certain language challenges to overcome especially with understanding the wording of quizzes. I got a number of questions wrong simply because I could not understand the phrasing, and lack of explanations on quizzes makes for a lot of difficulty to evaluate progress. And I get the reason for not including answer explanations, at the same time I'm literally comparing answers to the module transcripts and could not possibly infer multiple choice answers based off how the topic was explained. I would suggest more definitive questions and reduce multiple choice questions or at least define the question in a more narrow, specified manner to minimize confusion. I'm taking this course for fun, I have an MBA and love strategy, so the topics are not new by any means, but if I can't understand what you're trying to say I would imagine non-business backgrounds would find the questions very difficult.",4
784,it was great learning such interesting issues,5
785,"Nice addition to the ""Competitive Strategy"" course, although not as interesting and practical as the first part... Cases and current examples would have made this section much better.Prof. Tobias Kretschmer ... 5 starsCompetitive Strategy . . . 5 starsAdvanced Competitive Strategy ... 3 stars",3
786,An easy to understand and very resourceful course with ample examples. Would love to enroll into similar courses.,5
787,Awesome concept to learn,5
788,very Insightful,4
789,"It's a very good course, with fabolous material, examples and style",5
790,5 stars! Great University !! Enjoyed and learned!,5
791,Perfect professor!,5
792,"I'm so happy to make it! I learnt so much about academic writing, thanks!",5
793,I have learnt alot from this course,5
794,Very good course for writing in a systematic way.,5
795,Excellent course for whom really wants to boost his/her writing skills.,5
796,Enjoyed this course very much. Thank you.,5
797,"This is not an easy course, but once you finish it, your academic writing skills are going to improve considerably, Best!",5
798,perfect course to get perfection in writing,5
799,"It says 'advanced writing' but it is advanced for college students, not advanced overall. I found it extremely basic.",1
800,Great Course I like it a lot. I learn new things for my research,5
801,You need to check out his course.,4
802,I learned how to write different types of essays.,5
803,Pretty good!,5
804,Thank you so much Prof. Chapman!,5
805,"Very helpful, at least, for me.",5
806,Such amazing course work on developing the writing skills in a decent way.,5
807,The perfect brainstorming exercise for academic essay writing !,5
808,"It helps you build your essay-writing muscles gradually. Too much emphasis on plagiarism. Some flaws in the grading forms. The level of the participants is quite mixed, most feedback they give is useless (""good"").",2
809,Great course and teachers,5
810,I really love this cause. My writing skills is really impoving. I like my peers their reviews.it really train me on writing well.,5
811,Will try it out soon. Looks very promising and informative.,5
812,"it is okay, not what I expected, but okay.",3
813,I hope that this course could be free because I can't afford 69 dollars for th,5
814,I enjoyed a lot taking this course. It also represented a challenge to me.,5
815,It's really useful!,5
816,I found it very useful,5
817,Exellent course. You will learn the advanced skills for a better understanding of the English languaje.,5
818,This course is awesome.,5
819,"The course is fine as far as content. My complaint is that there is no one to contact regarding papers or questions. You are left to the other students for your grading and assignment completion, meaning that some of your assignments can hang there for weeks before ever getting reviewed.",3
820,very useful course.,5
821,An absolutely wonderful course! I learned a lot about advanced essay writing. I think it is a must-take course for those who are interested in writing academic and research essays!,5
822,Not the course id think it would be.I learn less information than i d expect but these were still usefull information.,3
823,Loved it!,5
824,well explained informative course,4
825,This course helped me improve my writing skills.,5
826,Great course :),5
827,This course has set me free from my fear of expressing my ideas and opinions in writing.,5
828,Great course,5
829,I have learned a lot in this course. Ordinary English courses don't cover the topics we have studied here.,5
830,Great !!!!,5
831,"This was a great class for review of what I learned years ago. I only wish I could have participated in the assignments w/o purchasing the class, as I have been able to in all of my other classes. But, I loved the class and would recommend it.",4
832,"Fantastic! Good work that the teacher can compact the course section to less than 10-minute videos each week, and it is clear. Easy to grasp . . . help a lot for my initial study! MLA format and work cited page are great too . . . thanks!",4
833,It was really useful. From now on I will start applying everything I've learn in my collage tasks.,4
834,Great learning experience .,5
835,Thank you for everything!,5
836,"Great Course, in particular to students whose tongue are not English.",5
837,Very useful and professional!,5
838,Very easy steps to learn. lot of assignments to practice. Good work.Thank you.,5
839,It's wonderful and useful.,5
840,"One of the best courses by Coursera, it significantly helps me increase my writing skill.",5
841,"great, thank you :)",5
842,Perfect,5
843,"It has good content, but there were missing classes to give more advices or clear any question students have, when grading peer review homeworks there were plenty of mistakes that would have been avoided if there were more video lectures or forums with teachers.",3
844,"From this 1.5 month course, I learned far more than I did from the 4-year on-campus studying. Of course, the level of the universities in my country is not nearly as that of the US; nevertheless, in the single combat ""Adv.Writing course against a ""Bachelor's degree"", the latter sustains a crushing defeat!",5
845,Advanced Writing is a course that challenges the best English learner. You apply what you've learned so far and things get more formal.,5
846,This course has a lot of tools to learn the writing art.,5
847,through this course i was able to right effectively on some complex topics which was what i was hoping for. Thanks a lot to the instructor Tamy Chapman whose video lectures were excellent in content and quality.,5
848,"I wasn't sure what to expect with the Advanced Writing course. Again, peer review was unnecessarily harsh because people don't understand the flexibility and nuance of writing, but it's definitely informative and has made me a more mature academic writer. This specialization is well worth it, for the videos alone. The instructor is clear and the videos are very concise.",3
849,It would be extremely useful to me as it is teaching me techniques to write advanced-level essays.,4
850,"It is detailed, rigorous, and exciting! The teacher's presentations in video materials are interesting as well!",5
851,great course thnx,4
852,Wonderful course!,5
853,I have learnt so much for doing this course. I have recommended the course to friends and families.,4
854,so good. must be engaged,5
855,It is so beneficial for international students who have been prepared on TOEFL iBT or IELTS.,5
856,"taking Essay writing first, cannot unenroll from this course at this",5
857,"Firstly, I would love to introduce myself to you. I'm Suliman from Libya. I'm Teaching Assistant at the University of Benghazi. Secondly, I would love to thank you so much for your hard working and for this wonderful course. Thank you once more.",5
858,The course is highly effective!,5
859,"I learn a lot from this class so far, but I'm having difficult for the Quiz, i know i should take some notes, hahaha",5
860,Another well structured course that provided challenges to help impove essay writing techniques. Thanks you.,5
861,"It is not very ""advanced""",2
862,"At this point, I think that the course is good, however there should be more reviews. Three reviews of people who is also learning is not enough, in my opinion. I have received some comments like 'some sentences are not good'. Which tells me absolutely nothing. I think people should be encouraged to exemplify what they mean ,to take the sentences that they believe that are wrong, and extend why.For the rest, the course is very good.",4
863,helped in my phd writing thesis,5
864,"I am in love for this course, a lot of good information, practice activities, etc...It is helping me a lot!",5
865,nice things to do and good examples.,4
866,Fantastic and fun!,5
867,This advanced writing course illustrates how to writing a longer college essay and guides students all over the world to start their very first writing piece.,5
868,"Extremely poor quality of instruction. The lectures themselves are little more than the material being read directly off the slides by an individual with a poor grasp on the English language. The majority of the slides are walls of unclear and non-descriptive text. Even with reading directly from the slides, the lecturer is overly circumstantial in her explanations if not just outright tangential. I commend the authors for putting together a course outside of their native language but, in this case at least, it does more harm than good.In short, this course has the air of a group of first year students giving a presentation verbatim from the slides, as another commenter also mentioned below.",1
869,"This course is a discreditation to coursera, and it's low standards are appalling. From a purely certificate based perspective, the only requirement to complete the course are completely the quizzes. They are short, and can easily be googled, or the slides can be downloaded and the answers simply CRTL+F for keyboards. There is zero need to watch the lectures ( at least for the first 2 weeks).The lectures are terrible themselves. The English is beyond horrible, and I don't understand the modern culture of having teachers teach in languages they can't speak. It is purely reading off the slides in any case, word for word. I learned more about the basics in neuroscience in a 20 minutes lecture from a separate course, ""Computational Neuroscience"" than the entire first week here.If you actually want to learn neuroscience, check out HardvardX's intro course.",1
870,easily understood,5
871,"This is the worst, most pathetic course I have taken online. If Peking University believes this is their best - I'll not be taking another course with them. The instructor's command of the English language is awful and the sub-titles are some help, but not a lot. Instructors are just talking faces up front - they cannot teach. They may be great in the lab, but keep them out of the classroom. I toughed out the course, but it only got worse. I had originally signed up for parts 1 and 2 of this course. Canceled part 2. The use of slides that are not clear / too small and not on the screen long enough to digest the information did not help. Do yourself a favor - avoid this course. As a side note - I have taken in excess of 25 online courses, this was the most painful.",1
872,Very good Course!! Thank You.,4
873,Very boring... The professor is just reading (with a bad English). The illustrations are also very boring...,1
874,The professor is reading long texts. It is not really attractive.,2
875,"I greatly enjoyed the material presented in this course and while I do not doubt the proficiency of it's creators the poor standard of spoken English of its two main presenters prevents me from recommending it to colleagues. As another reviewer has remarked, their English may be quite sufficient for day to day use with other experts but for inadequate for teaching students who are hearing many technical terms for the first time. The transcripts are no better and also contain many mistakes. I believe that this course should be stopped until these problems are corrected.",2
876,"Very excellent course, I learned a lot. It lets me know the development process of the neuro-science and also the heros in it. My major is alternative splicing, I wish other life science branches can have this kinds of course too.",5
877,"The professors sound like a group of first-year students presenting a group project, literally reading notes off of a powerpoint slide. The professors also can't speak English, so instead of explaining things in depth, they have to very, very slowly read basic phrases (to explain complex subject matter) off of what's basically a teleprompter.",1
878,"The course presented a lot of interesting, fascinating information. I especially liked the first female lecturer. However, there were some problems with downloading the course slide presentations and questions were never answered in the forum discussion groups. In addition, the second lecturer, although very interesting, often did not talk about the material that was presented on exams. I also think integrating a lot more animation to describe different processes would be effective so that students can visualise the content.",4
879,Dr. Li is a wonderful teacher! I love his style very much!,5
880,Accurate and clear.,5
881,thank you for opening ideas in the world of neurobiology I have learned a lot so far and I'm sure I will learn much more with you ..greetings from Guayaquil-Ecuador,5
882,"So far the topics are very interesting but the accent of the teacher is sooo difficult to follow and distracts me! Also, she is looking down to read all the time and this doesn't reflect her knowledge.",3
883,"Really poor powerpoint presentations and videos, half in chinese. The accent of the teacher is horrible (i'm not an english-native speaking person so it's hard for me to follow english when badly spoken, so i cut off the sound and only read the subtitles.)The content is interesting though.",1
884,"Is a good course, with a comprenhensible material and resourses. I think they should improve the quility of video-classes and some teachers doesn´t have good english pronunciation.",5
885,Fascinating course but a little too much math for my taste.,4
886,"I don't want to be mean, but the first week was terrible! I was expecting what it said: ADVANCED neurobiology.I feel bad giving this review. I'm just dropping the course.",1
887,"After finishing week 1, I have decided to stick with Duke university's Medical neuroscience which is starting up again. I also highly recommend ""Understanding the Brain The Neurobiology of Everyday Life"" which I believe was taught by the University of Chicago. I found them to be far more engaging the viewer and the format to be much easier to follow. I found it visually disturbing and also have to keep pausing to read the slide before it switches.It's too bad because I was really looking forward to this course. It also seemed she had trouble pronouncing many of the words and I do not want to learn how to pronounce many of them incorrectly also many of the slides did not have an English translation on them.",1
888,Great course! I loved the teachers!,5
889,"I find this to be a very nice and stimulating course. The teachers are enthusiastic and entertaining. The course material (slides, quizzes, captions) needs to be polished, but the general organization of the course is logical, clear, and systematic. The course presents an experimentalist's view of the subject, which I find very good considering that much related Coursera material is quite theoretical. There are plenty of historical notes and introductions of general neurobiology research viewpoints (don't miss the excellent bonus material interviews!). In particular, I enjoyed the ""cherry picking"" metaphor. Some students have had problems with the instructors' accent, but perhaps because English is not my first language, this has not been a problem for me at all. I'm looking forward to part two of the course!",4
890,"This course is useless and perhaps even harmful.The professors would have done much better if they had taught the class in their native Chinese language and then got a really good translator to make subtitles in English.I tried turning off the sound and just watching the presentation while reading the subtitles, but even this was so badly done in terms of language and presentation, that although I desperately wanted to take a course in advanced neurobiology, I felt that this course could actually destroy my love for the subject or teach me things that are incorrect because of language mistakes.If you are not a native speaker of English then by all means steer even further clear as you will learn some very bad English habits and pronunciation.I'm sure the profs' English ability is fine for collaborating with other professionals who already know the material, but teaching in English was a big mistake.Again, I highly suggest they re-do the entire thing in Chinese and get really good translations and subtitles made and then I think it could be an awesome course. Now, as is, it would be truly foolish to take this course.",1
891,Boring and can't make sense of the presentation / language and idiom use.,2
892,"before discussing genetic mutations occurred in Alzheimer disease that mentioned when discussing AIS, i think some refreshment about protein synthesis and the normal pattern that if disturbed by certain ways as mutations causes particular diseases.some arrangements of material needed to prevent information overlappinginteresting courses, go onthanks for your efforts dear professors",3
893,"Lots of good information, but the presentation is very bad. Not only are the professors clearly struggling with the English (and the material, calling anatomical planes ""plates"" and confounding sulci with fissures, etc), but some of the recording/video editing decisions make it less engaging and more difficult to follow. For example, the size of the images is often compromised because they chose to show the professor on the left side of the screen, even though it is absolutely unnecessary to do so.Overall, I do not recommend this course.",1
894,"Great course, much to learn in a short time but with an excellent guide.",5
895,Me gusto,5
896,Application assignment is a must-do for students taking this course. The second computer network application is very a rewarding one for me to finish with gains on concepts of graph as well as programming stretch with my hands dirty.,5
897,great course,5
898,"coursea does not allow me to quit the class. Also, I cannot do the homework or watch video at my own pace.",1
899,"Great class, very well constructed. Professors are very knowledgeable and the course materials are well designed. I started from the very beginning of the class knowing very little about python and algorithm, by this class I'm pretty comfortable coding in python. And I got to apply what I've learned in my interview for jobs. Definitely a great class! Learned a lot, and still applying it in my job.",5
900,"Compared to the previous courses in this specialization I found this a tough course. Calculating the big-O for yourself wasn't easy. The descriptions of the applications #1 and #2 were not very clear to me at the start (probably because English is not my first language). Some sentences I had to read several times before I understand what was asked. But the things I learned are useful and I am definitely sure that what I have learned here I can use in my work as software engineer. Thank you Luay, Scott and Joe for another excellent course.",5
901,"Too much bla, bla, bla. Very slowly, very boring.",3
902,A course I enjoy very much!,5
903,"The applications were too time consuming. Please consider adding a tool that makes graphing easier. The course itself was very good and engaging and without us knowing it, would teach core fundamentals of computing through the coding exercises.",4
904,"It takes some serious dedication to understand and apply the material if math and computation are foreign to you, like they were for me. But if you apply that dedication, the material is accessible and the feeling of accomplishment is tremendous. Great class/teaching.",5
905,optimization and fragmentation..algos arithmos olokliroma..fractal resilience..,5
906,"One of the best course offered by coursera, helps you to develop very strong basics if new,.",5
907,"Project is interesting, bu the video lecture is kind of repetitive and does not cover much",4
908,"The transition from the original Coursera platform to the new one has significantly reduced my overall satisfaction with the course experience (I have previously taken the 4 earlier Rice courses in this series and enjoyed them immensely).Major contributing factors to my dissatisfaction:-- The user interface changes are unwelcome and have detracted from my ability to engage with the material.-- There have been arbitrary (and unannounced) changes to polices, e.g. dropping distinction grading.-- The price increase per course and locking down of assignments to only those who have paid has unfortunate side effects, including.-- In contrast to previous courses in this series which had an active community engagement the discussion forums are now relatively empty, running the courses more often is not going to help this situation.Having previously been an unpaid evangelist for the Coursera approach and materials I now find myself extremely reluctant to recommend this revised experience to colleagues.",1
909,"I found the material of this course to be very enlightening, it's not too difficult if you have the appropriate background. However, it will take a decent amount of time to fully complete. As part of the specialization, all of the skills I've learned were consolidated and put to an interesting use with this class.",4
910,"The lectures will not get you near the understanding you'll need to complete the assignments. though the resources will.The application is great, and hard so you'll actually have to understand the material.You have been warned, this course is very different to the other courses in the specialization!",4
911,A very Imperative course!,5
912,Excellent course. His content is very interesting and realistic. I suggest this course if you want to improve your knolowgede about American culture and others countries.,5
913,It is very intriguing!,5
914,Wonderful course!Thank you so much for your efforts.,5
915,"Very interesting course. Each module had several ""surprises"" that fascinated me. All the speakers are easy to understand and interesting. Would like to see Part 2 with Russia, England, Turkey, etc. Makes you aware as to how differently countries can look at the same issue.",5
916,This course gave me an eye opening view of the world. I can see how this course can grow into a more dynamic and interactive education experience in the future.,5
917,"While some of the information presented was interesting, it seemed oddly biased towards the perspective of highly educated foreigners. I had hoped to get more information about how America is seen by the (foreign) masses.",2
918,seemed kind of dumb at first but got better,4
919,"A revealing look on how the rest of the world views the USA. Perhaps this should be offered to high school students, somt hey can better understand how other nationalities react to ""Americans""",5
920,"Helpful on a knowing america through other country's eye. However, I think the course would be more interesting if if could include more discussion about how all those country and US view each other now instead of focusing much of its content on history.",4
921,No translations available despite what subtitles and transcripts say.,1
922,"Thank you very much for this beautiful course. So many concepts, clearly explained and with great passion. Best wishes from Montevideo, Uruguay.",5
923,IT'S AN EDUCATIVE AND PRODUCTIVE COURSE.,5
924,The greatest course in Agroeconomics ! Highly recommended!,5
925,it is a great course!!!!,5
926,"I'm 29 years old, Staff/teacher of Add to dictionary University, Lao PDR, Professional Affiliation is Livestock and Animal help care Unit Service, Technical ISU, teaching And Researcher Unit of Animal science, Faculty of Agriculture and Environment, Savannaket University, Lao PDRDetail about me : https://livestockevolutionweb.wordpress.com/The basic on my particular subject is focusing The Livestock Management to Produced to merchandise and Marketing management planning in regional. But, the knowledge - my skills is a difference with academics general. Whether the knowledge - skills on the improve and development livestock with diversify, veterinary , can work with people or farmers in locally is very well, knowledge - skills about design model on research Both on the scientific social and experiment, writing research proposal, Research issue ...So, the based on fact of my origin, is come from families with relatively poor of status since Congenital up to currently. Limit of money is as the key factor to my work and deprived to study on higher degree. So, I have to learn for experience by own throughout. And also, I’m built many activities focus Agriculture production sure: rice growing along with livestock for food security and Extra Income for my family. Over the past, on my life Is as normally will have to the faces with the actual fight with challenge on production agriculture in every day. The mainly is: deteriorating on the abundance of natural resources and the Influence competition on market system including a wide open on the system of global trade liberalization of worldwide Become a channel for integration markets system on international level come in to regional the easier. Which is cannot avoid the chance to variability in terms of Popularity, distinguish grade of production and pressure on price of product. Has not balance between Price yielded and cost on productivity. Therefore, I’m try to learn and experience by my selves throughout Can find something to helpful on reduction the cost on my productivity and help to increase the effective on my production processing focus livestock. And can discover Some methods to evolution my livestock Process become as the Producing to Sales in current. The following is:1) I’m can design and constructing the Incubators hatchery 3 models, in each3 models has 4 sizes(The mean as to chicken (low price and high Quality).2) I’m can Creating new feed for chicken, duct and quail Recipes 3 by utilization mulberry fruit enzyme Microorganism extract (Probiotic) income on fermentation processing of cassava with Cassava leaf sundry. Become to ingredient in feed its can help to low cost 2/5 of Feed concentrate price. But efficiency neighborhoods with general of concentrations.3) I’m can creating new supplement for Ruminant by utilization Probiotic fermentation’s cassava with Cassava leaf sundry (+Urea 1%) Building Supplements for ruminant focus for helps to keep weight during on dry season and help to in cases the effective on use nutrition in rice straw of cattleIn each discover, an as the physical on innovative are created from the livestock system in my family to oriented on basic structure of activity from step by step, with the integration among theory - scientific principles to as the concept on under the base of conditions and potentially exiting to evaluate on probability along with the consider from the capacity on use and mean balance of cost production per products prices to as the indicator on efficient of providing productive per time on production process. The result from such innovative of discover is good. And in current have many families of population and smallholder in community using my Idea and my product to improve the animal production system of them. However, It is only applied to the personal relationship nature in Narrow. There are don’t have to publish official In the wide rings. My degree in current It’s still as key to limit on the Confidence From various organizations In both government and private, which created Inside and outside the country including international level.",4
927,The course is well detailed and well lectured.,5
928,"Useful course, separated into great topics and within a reasonable time-frame.",5
929,"An exceptional course. The breadth of material is wide, and yet there is a lot of detail and some quite specific instruction. The pace is good - each module covers just enough before moving on to the next topic, so it's engaging without being overwhelming. There's a good range of discussions, from economic theory, practical case studies and interviews with farmers. It builds on what I've learned elsewhere, so will be useful for real-world application.",5
930,Such an informative course,5
931,NIce course got a brief idea about agriculture by one of the renowned teacher David Pannell sir,4
932,"Interesting course on Agriculture and Economics, very useful to revise important economic concepts and also to learn more about agriculture. Highly recommended.",5
933,A good and relevant course,5
934,Very rewarding and insightfull learned a ton !,5
935,i like this course very much,5
936,Provides a nice basis in understanding how economic principles are used to investigate agriculture production. Could provide a bit more of an economic foundation but the course is broad rather than deep.,3
937,It was an amazing experience. I learned so much. Thank you :),5
938,"It's really about economics in its broader meaning: how different natural, social, and financial aspects play together to set present and future of farmers and the communities they live in.I highly recommend this course to anyone, even if not specifically interested in agriculture economics.",5
939,"I am much excited to partake in this course and it has really improved my worth. i strongly recommend it everyone. A very big THANK YOU to the coursera team for such an initiative and also to the Agriculture faculty of university of western of western Australia for such a partnership. i am very grateful, looking forward to work with you. BRAVO!!!",4
940,"An excellent course and online experience. Coming from an industrial environmental management background, this has given me insight and interest",5
941,Enriching content coupled with,5
942,Wonderful course!!I recommend it to everyone in the Agricultural space.,5
943,Pretty Good Course,4
944,"It's a beautiful course! Not only did I learn more (than I estimated) about economics and agriculture, there was also a nice balance between theory and practical applications. The recommended readings are relatable and reinforce the content of the videos. As a teacher, Dave is careful to present both sides of any issue (for example, he presents both gylphosate as the largest used herbicide, while maintaining that it is also very controversial). Pannell Discussions are a delight to read, since they deliver the intended content without sounding like research papers, which sometimes they may actually be based upon. It's wonderful to see such researchers having the patience to blog about such issues online! At a more subtle level, things like the location choices (farms for the agricultural weeks and buildings for institutional/policy weeks), altering background music - all made enriched my experience!Ofcourse, I think I will still have to brush up my concepts from time to time (since an online course can not replace internalization of a subject through rigorous comprehension and examination), and ofcourse I have quite a lot more to ""learn"" in this area (who doesn't? :P).But the course was a very informative, balanced and highly interesting introduction for me!",5
945,A great short course delivered by one of the best agricultural economist in the world with a great publication history,5
946,The course was amazing i learned a lot of new things . if someone responding to these review i want to add something . In final quiz i did not find proper result . Which question i marked wrong and which one right . So please solve this problem.,4
947,Great Course have already learned so much. And still hoping to learn more.,5
948,"Great mental workout. Well-explained, but the coding challenges and bonus questions are challenging enough to allow for a lot of growth even for more advanced students.",5
949,As someone with only (UK) high school level maths I just about managed to follow this. I am still confused by logarithms. I guess I should go and read the maths for computer science resource.,4
950,I had a great time taking this course. It was a very good course in algorithms that explained the core concepts really well rather than just providing a high level overview. The assignments take some time but it aligns with what the instructor is teaching. The instructor is absolutely excellent because he takes the time to go through the math and iterations which helps to develop a deeper intuition for these algorithms. Looking forward to completing his other courses when I got time.,5
951,"Course is brilliant, but at least for me the completion took in average 3 times more effort than expected by authors (4-8 hrs/week). Of course this is mostly due to my low experience with programming, but still, might be relevant for other learners, who don!t have much experience.",5
952,Sometimes too much mathematics.,4
953,"It was an awesome and challenging course.And ,the lecturer Mr.Tim Roughgarden did introduced the gist that I need.So ,of course, I owe him a big thank.Thank you all.",5
954,Professor Roughgarden explains everything clearly and is engaged in the topic. His excitement about algorithms comes though in his teaching.,5
955,"Professor Roughgarden managed to explain all the algorithom ideas in a clear and simple way, and give us a very intuitive understanding of these methods. He did give me confidence in this field, even I am not majoring in CS.",5
956,"I thoroughly enjoyed this course. I learned a great deal, and particularly enjoyed the programming assignments. Looking forward to starting course 2.",5
957,Well designed and good to refresh the basics on many top algorithms,5
958,Very useful course..Loved it.,5
959,"This course has relatively few instructions about homework. I believe more test cases would be better.(Though able to be found in forum.) Besides, lecture is really awesome. Thanks a lot.",5
960,Very good course in algorithms. I bought the book to help me understand but the lectures make it way easier and thus much more fun to understand the analysis. Looking forward to complete the spec,5
961,I like this course a lot. Going to learn everything in the specialization.,5
962,Excellent course. The statistical analysis was a little too fast and overwhelming towards the end but overall I learned a lot.,5
963,I would really love to take this course as I m currently a computer science and thanks for granting me this course Yuhuuuuu!,4
964,it is very important to learn algorithms as it is truly said it is heart of computer programming .. I am very happy and thanks for offering such a course to coursera and have just started hope will learn something so that it will help !!!!,5
965,"The professor is very good. However, pictures and graphics mean a thousand words. These lectures rely too much on words. It makes it how to visualize the concepts. Hope to see more pictures. Animation will be the best.",3
966,Great course but audio and video are terribly out of sync.,4
967,"The course was pretty good. Definitely worth the money, and better than I expected from an online course. I thought it was a little heavy with probability proofs, but that's probably because I struggle with stats.",5
968,A very nice course!,5
969,"I was glad to get exposure to famous algorithms through this class, but I don't feel like I really developed an intuition for reasoning about their runtime. The class was challenging, but mostly for the wrong reasons. I spent more time and energy pouring over the answers to tricky quizzes and having to implement algorithms exactly as described in the lecture notes rather than really truly learning. It also took me much longer than the 4-8 hours per week advertised to complete each week.",3
970,Thank you so much! I grown so much in the field of Algorithms because of this course. Onto the next one.,5
971,Liked the style and intensity of the course!,5
972,This is a best algorithm course I have ever done!,5
973,"The instructor for this course is absolutely excellent. He is a master of the subject and explains the material to get at the concepts behind it rather than just a superficial understanding. He also does not get lost in mathematical notation, explaining clearly what each piece of the math he is showing us means.",5
974,Very good course !,5
975,It's an amazing introduction to algorithms. I enjoyed listening to the lectures. All the algorithms were explained in detail.,5
976,The course was quite useful and enlightening！I was a good start to learn algorithms!,5
977,"Tim Roughgarden teaches with wit and depth. Speaking with idiomatic verve, he injects life into Algorithms!",5
978,A must for wannable computer geek.,5
979,The ideas from this course are fun.,5
980,"Very good review of divide and conquer algorithms, however, I only recommend for those who are willing to put in the hard work as I found it challenging.",5
981,I'm so glad that I've taken this course. This is really fantastic.,5
982,Very Useful,5
983,"This is a great course. The teacher is very clear, and the material is very interesting. The programming assignments are interesting: the problems asked are very simple, but the input is generally too large to use brute force: you really have to implement the algorithms presented in the videos. This makes you realize how much smart algorithms can make a difference.The level of the class is relatively high, compared to other Coursera courses I've taken. If you want some serious training on algorithms, look no further.",5
984,"I would recommend this course to anyone who has some experience with coding, but has not taken an algorithm course. I particularly like this course because it is more ""math-heavy"" than some of the other courses. After taking this course, you might not be able to solve all Leetcode problems (so probably will not help with your interviews directly), but from an intellectual point of view, I think the instructor does a good job explaining why people care about algorithms and how to analyze a class of algorithms rigorously.",4
985,Challenging but Insightful. Definitely worth it.,5
986,"This course offers one of the best introductions to reasoning about algorithms in a mathematical way. However, it is not just theory, it also gives you practical advise and forces you to polish up your programming skills as well by implementing some of the most useful and popular algorithms for sorting and similar applications in whatever language you wish.",5
987,"Excellent course. What I valued most about this course was the clarity with which proofs and algorithms are explained. In learning algorithms one really profits from a great professor. Keep in mind that this course involves mathematics for proofs and I believe one has to be really curious about algorithms and dive into proofs to take full advantage of this course. Regarding assignments they are challenging but definitely approachable if you have some experience in programming. My advice: do not get discouraged, this is all about resilience!",5
988,Excellent course! I would recommend it to everyone who wants to learn algorithms.,5
989,"Awesome,right now I know why algorithms are most important..!!",5
990,Tim gives great insights and draws attention to the right things at right time! Exercise and quizzes are very helpful and makes you think in right direction. Also the in-video-quizzes are well thought of to make you think about the topic being described in the video and thus makes it easy to understand the contents. This is just the right course anyone should take to improve/learn algorithm and data structures course. I've got got aaha! moments multiple times. Can't thank Tim enough!!,5
991,Sir Tim Roughgarden teaches very straight forward and easy .I like the course.,5
992,Cool class,5
993,Exceptional materials and teacher.,5
994,Great,4
995,Challenging and fun!,5
996,Amazing course!,5
997,The unique value of taking the course: read and think through the material with guidance and completing its assignments is the efficiency by saving all the search cost would I collect on my own the good and succinct presentation of the knowledge and exercises with solutions (at least correctness checks.) The entire detail of an algorithm is hard to keep afresh in memory and one needs to refresh it from time to time. It is very cost-effective to take a course like this to accelerate the refresh.,4
998,"Very good course on algorithms, a lot of terms explained in details with exercises",5
999,"Well structured, well explained. Great course!",5
1000,Very nice course !!,5
1001,This is a great course for who doesn't have a computer science background!,5
1002,This course has some great quiz questions. I'd recommend it to people just for them.,5
1003,"The math in this course is quite difficult, but the professor does a great job of explaining it in a very easily understood way.",5
1025,"very good course! but I think this specialization focus on mathematical analysis, we need to practice more",5
